tree
version=v4
num_class=1
num_tree_per_iteration=1
label_index=0
max_feature_idx=27
objective=regression
feature_names=Column_0 Column_1 Column_2 Column_3 Column_4 Column_5 Column_6 Column_7 Column_8 Column_9 Column_10 Column_11 Column_12 Column_13 Column_14 Column_15 Column_16 Column_17 Column_18 Column_19 Column_20 Column_21 Column_22 Column_23 Column_24 Column_25 Column_26 Column_27
feature_infos=[-1:1] [0.0053063552171375133:0.31987052259341364] [0.00069409230993270146:8.4721708806935947] [0.027849588719154068:3.7224221650956872] [0:0.98666666666666669] [30:75] [-0.44258931562038306:0.43212804850363495] [-0.87564966584651893:0.60613848138024173] [-1.4335054987847946:0.92757990401340606] [-1.4945299172630846:1.6279496194026022] [0.002743289281923278:0.14448619531258641] [0.38398762418914162:1.6877910952917659] [-7.7761545303337805:13.068133294365182] [-10.713474572191819:13.68711096083287] [1.7243999674918344:14.399226963204375] [1:10] [-0.17144942841584765:0.13886587773143688] [-0.28082707918720828:0.21399826306047309] [-0.4319975562795868:0.34553768849033872] [0.0018327008101275619:0.043003842848527693] [0:1] [1:71] [0:3] [7.3991383628453047:10.368061203191656] [-0.029999999999999999:0.00384119] [-0.009920448888888888:0.0031953766666666665] [0:5] [0:6]
tree_sizes=1200 1444 1195 1178 1184 1189 1191 1185 1104 1180 1195 1206 1197 1187 1026 1196 1105 1353 1364 1205 1108 853 1438 1177 847 1285 1366 1272 1182 1359 1286 1360 1034 1285 1291 1383 1359 1100 932 856 932 1442 1373 935 936 1189 1044 1525 1195 1191 1050 1461 939 1371 1100 1455 1026 938 1454 857 1365 1453 939 942 1369 847 1188 933 940 1041 594 1122 766 1368 1194 1357 593 927 851 1453 1037 1184 684 858 934 1267 1022 1362 1283 1102 770 682 1365 1023 842 774 1359 1028 1269 1206

Tree=0
num_leaves=12
num_cat=0
split_feature=5 26 10 24 5 9 25 19 19 17 23
split_gain=151.149 46.7645 45.8267 32.1653 46.2729 28.0349 33.597 27.0348 38.0892 31.8105 21.7554
threshold=53.000000000000007 2.5000000000000004 0.011890623167703422 0.0011354400000000001 44.500000000000007 -0.071609510969866272 0.00032765333333333344 0.0085855543043252183 0.0066841139538808356 -0.13214893214633514 8.0289512818277888
decision_type=2 2 2 8 2 2 10 2 2 2 2
left_child=2 7 -1 4 -4 6 -3 8 -2 -9 -7
right_child=1 5 3 -5 -6 10 -8 9 -10 -11 -12
leaf_value=0.078690307053515207 -0.050091337136753109 -0.007570349668190722 -0.038816098002341627 -0.049586994111962095 0.02986427328108119 -0.047206772775988871 -0.068230363336412608 -0.00051281618364560494 -0.017632684726939244 -0.053936928353613148 -0.027960556480510941
leaf_weight=21 197 187 34 27 88 254 26 29 167 711 348
leaf_count=21 197 187 34 27 88 254 26 29 167 711 348
internal_value=-0.0356463 -0.0396494 0.00954092 -0.000204967 0.0107238 -0.030565 -0.0149749 -0.0463557 -0.0351996 -0.0518433 -0.0360811
internal_weight=2089 1919 170 149 122 815 213 1104 364 740 602
internal_count=2089 1919 170 149 122 815 213 1104 364 740 602
is_linear=0
shrinkage=1


Tree=1
num_leaves=15
num_cat=0
split_feature=26 4 1 23 4 19 19 9 2 19 23 8 21 13
split_gain=53.3057 30.4452 39.0172 30.0788 17.7285 17.3177 30.3709 40.3187 24.4766 18.2366 18.3851 15.3441 13.288 7.35364
threshold=1.5000000000000002 0.55148172182565447 0.01357037026966112 7.8123222750744317 0.6150000000000001 0.0087629289071145724 0.0079094042719120242 0.05548452776970305 0.62718446537453432 0.016680586793706858 7.6867298178496126 0.2032161693891982 1.5000000000000002 2.1990062653336171
decision_type=2 2 2 2 2 2 2 2 2 2 2 2 2 2
left_child=5 2 -2 -4 13 6 8 -8 -1 12 -11 -6 -7 -3
right_child=1 4 3 -5 11 9 7 -9 -10 10 -12 -13 -14 -15
leaf_value=-0.019383284527607063 0.065631267699328338 -0.0062613131693349438 0.06916164720342273 0.0085028206143073562 0.0072487687263573103 -0.0024733081677006286 0.090795343965291986 0.0030891411104484612 0.014282046503880444 0.045354111847423377 -0.005522026688508366 -0.018746968571628844 -0.022726114078039074 -0.039662154648039079
leaf_weight=148 33 26 21 762 216 103 20 38 85 21 115 77 379 45
leaf_count=148 33 26 21 762 216 103 20 38 85 21 115 77 379 45
internal_value=-2.47114e-10 0.00701017 0.0123742 0.0101297 -0.00501476 -0.00910011 0.000957189 0.0333327 -0.00710194 -0.0138358 0.00233385 0.000417124 -0.0183982 -0.0274309
internal_weight=2089 1180 816 783 364 909 291 58 233 618 136 293 482 71
internal_count=2089 1180 816 783 364 909 291 58 233 618 136 293 482 71
is_linear=0
shrinkage=0.05


Tree=2
num_leaves=12
num_cat=0
split_feature=5 10 26 8 16 24 5 19 19 17 10
split_gain=134.852 40.8876 38.4021 29.2605 31.4925 28.6232 41.8729 22.5263 32.6936 28.1526 18.8966
threshold=53.000000000000007 0.011890623167703422 2.5000000000000004 0.081284663757612577 0.017674496839759971 0.0011354400000000001 44.500000000000007 0.0085855543043252183 0.0066841139538808356 -0.13214893214633514 0.035567963431797744
decision_type=2 2 2 2 2 8 2 2 2 2 2
left_child=1 -1 7 4 -4 6 -3 8 -2 -9 -5
right_child=2 5 3 10 -6 -7 -8 9 -10 -11 -12
leaf_value=0.10799860273088729 -0.013471559506987557 -0.0033401433378458024 0.0077559815066978559 -0.012751134600642667 0.045252321593797031 -0.013107597276016517 0.06199331019412388 0.033421622242393166 0.016600323632404119 -0.016837061658984971 0.010007356070791899
leaf_weight=21 197 34 341 269 67 27 88 29 167 711 138
leaf_count=21 197 34 341 269 67 27 88 29 167 711 138
internal_value=7.39508e-11 0.0426818 -0.00378109 0.00445111 0.0139135 0.0334761 0.0437856 -0.0098583 0.000325156 -0.0148675 -0.0050345
internal_weight=2089 170 1919 815 408 149 122 1104 364 740 407
internal_count=2089 170 1919 815 408 149 122 1104 364 740 407
is_linear=0
shrinkage=0.05


Tree=3
num_leaves=12
num_cat=0
split_feature=5 20 10 26 16 24 5 17 14 6 13
split_gain=121.704 37.343 36.901 35.144 32.714 25.8325 37.7903 18.6135 10.2221 9.02378 3.76451
threshold=53.000000000000007 0.96992311171415657 0.011890623167703422 2.5000000000000004 0.041576164040602499 0.0011354400000000001 44.500000000000007 -0.13214893214633514 6.6649464535281835 0.068529687950734233 3.1486436909911744
decision_type=2 2 2 2 2 8 2 2 2 2 2
left_child=2 3 -1 7 -5 6 -4 -2 10 -10 -3
right_child=1 8 5 4 -6 -7 -8 -9 9 -11 -12
leaf_value=0.102598672218266 0.031750541784126188 -0.023294157202582103 -0.0031731367987744953 0.0039721520288324404 0.048861990002698676 -0.01245221672234712 0.058893644606525256 -0.0088978429358799894 0.017376920841634277 -0.028544957846727059 -0.043112340405145111
leaf_weight=21 29 37 34 723 43 27 88 976 20 23 68
leaf_count=21 29 37 34 723 43 27 88 976 20 23 68
internal_value=1.22016e-10 -0.00359204 0.0405477 -0.00157572 0.00649208 0.0318023 0.0415963 -0.0077249 -0.0277197 -0.00718594 -0.0361288
internal_weight=2089 1919 170 1771 766 149 122 1005 148 43 105
internal_count=2089 1919 170 1771 766 149 122 1005 148 43 105
is_linear=0
shrinkage=0.05


Tree=4
num_leaves=12
num_cat=0
split_feature=5 10 26 4 1 16 24 8 16 11 4
split_gain=109.838 33.3032 31.61 31.864 25.6448 24.4961 27.0931 16.2037 24.0992 14.7751 11.9385
threshold=53.000000000000007 0.011890623167703422 1.5000000000000002 0.56125000000000014 0.01357037026966112 -0.030777616560285988 0.0004969550000000001 -0.15416543453032092 -0.009155633896405389 1.0673351305759649 0.59850746268656729
decision_type=2 2 2 2 2 2 8 2 2 2 2
left_child=1 -1 7 4 -4 -3 -7 8 -2 -9 -5
right_child=2 5 3 10 -6 6 -8 9 -10 -11 -12
leaf_value=0.097468738861027221 -0.0050355329178273685 -0.018497574837370353 0.053132276261846224 -0.042336913550804767 0.0059622177914673592 0.054883633816943445 0.0057965407414095746 -0.0061206835455798383 0.058340536076575522 -0.019979635094250017 -0.0081057284025686759
leaf_weight=21 60 22 30 28 729 85 42 397 20 373 282
leaf_count=21 60 22 30 28 729 85 42 397 20 373 282
internal_value=6.14573e-12 0.0385204 -0.00341243 0.0023098 0.00782665 0.0302122 0.0386501 -0.010609 0.0108085 -0.0128342 -0.0111976
internal_weight=2089 170 1919 1069 759 149 127 850 80 770 310
internal_count=2089 170 1919 1069 759 149 127 850 80 770 310
is_linear=0
shrinkage=0.05


Tree=5
num_leaves=12
num_cat=0
split_feature=5 20 12 8 26 23 24 19 14 6 8
split_gain=99.1289 33.1473 31.6934 55.0334 29.4648 22.7692 20.8875 17.2705 9.2258 8.12174 4.82281
threshold=53.000000000000007 0.96992311171415657 1.6753990451331739 0.075449475042626918 2.5000000000000004 7.8929802748735574 0.0011354400000000001 0.0085855543043252183 6.6649464535281835 0.068529687950734233 0.077548529847839123
decision_type=2 2 2 2 2 2 10 2 2 2 2
left_child=2 4 -1 -4 7 -6 -5 -2 10 -10 -3
right_child=1 8 3 6 5 -7 -8 -9 9 -11 -12
leaf_value=-0.020911742718003334 0.0020930994839232038 -0.018808003387280874 0.1197206701551165 0.041592693195309283 -0.0064134901306862309 0.012009796659456761 -0.011944344368847934 -0.011711488685281385 0.016836691945791245 -0.026729537511710078 -0.041539680292563781
leaf_weight=21 345 35 21 106 248 518 22 660 20 23 70
leaf_count=21 345 35 21 106 248 518 22 660 20 23 70
internal_value=1.08836e-11 -0.00324181 0.0365943 0.0446992 -0.00134214 0.00604508 0.032391 -0.0069726 -0.0259737 -0.00646617 -0.0339625
internal_weight=2089 1919 170 149 1771 766 128 1005 148 43 105
internal_count=2089 1919 170 149 1771 766 128 1005 148 43 105
is_linear=0
shrinkage=0.05


Tree=6
num_leaves=12
num_cat=0
split_feature=5 20 5 24 26 16 25 17 14 25 8
split_gain=89.4638 29.9154 29.296 39.1135 26.592 29.1744 21.1359 16.4706 8.32628 7.64866 4.35258
threshold=53.000000000000007 0.96992311171415657 43.500000000000007 0.0011354400000000001 2.5000000000000004 0.041576164040602499 0.00011738833333333334 -0.13214893214633514 6.6649464535281835 6.6833888888888915e-05 0.077548529847839123
decision_type=2 2 2 8 2 2 10 2 2 10 2
left_child=2 4 -1 6 7 -6 -4 -2 10 -10 -3
right_child=1 8 3 -5 5 -7 -8 -9 9 -11 -12
leaf_value=-0.0083390415180474523 0.030509725347932046 -0.017867603291358267 0.042941069933162497 -0.010488240420818329 0.0033631245390528795 0.045754970228949261 0.089801908901759556 -0.0077273278646018424 0.014459955014965751 -0.02772677441438039 -0.039462696438921356
leaf_weight=32 29 35 77 26 723 43 35 976 22 21 70
leaf_count=32 29 35 77 26 723 43 35 976 22 21 70
internal_value=1.43332e-10 -0.00307972 0.0347646 0.0447597 -0.00127504 0.00574282 0.0575851 -0.00662397 -0.024675 -0.00614287 -0.0322643
internal_weight=2089 1919 170 138 1771 766 112 1005 148 43 105
internal_count=2089 1919 170 138 1771 766 112 1005 148 43 105
is_linear=0
shrinkage=0.05


Tree=7
num_leaves=12
num_cat=0
split_feature=5 10 20 26 16 16 19 8 19 12 8
split_gain=80.7411 27.4894 26.9987 23.9993 26.3299 20.0231 15.7869 12.1428 6.41205 8.41674 0.541819
threshold=53.000000000000007 0.011890623167703422 0.96992311171415657 2.5000000000000004 0.041576164040602499 -0.030777616560285988 0.0085855543043252183 0.17329951262126278 0.013536395725167341 4.7487035950348409 0.11999190754410811
decision_type=2 2 2 2 2 2 2 2 2 2 2
left_child=1 -1 3 6 -5 -3 -2 -7 9 -4 -10
right_child=2 5 8 4 -6 7 -8 -9 10 -11 -12
leaf_value=0.086582845578058842 0.0023748104120402233 -0.018560425039719452 -0.023774404446236217 0.0031949687782638959 0.043467220352139589 0.04868975317194349 -0.010823553558862345 0.0177675232058391 -0.030402748594776943 0.012005046416412701 -0.039931613572740131
leaf_weight=21 345 22 65 723 43 63 660 64 26 22 35
leaf_count=21 345 22 65 723 43 63 660 64 26 22 35
internal_value=1.34059e-10 0.0330264 -0.00292574 -0.00121128 0.00545568 0.0254782 -0.00629277 0.0331069 -0.0234412 -0.0147267 -0.0358701
internal_weight=2089 170 1919 1771 766 149 1005 127 148 87 61
internal_count=2089 170 1919 1771 766 149 1005 127 148 87 61
is_linear=0
shrinkage=0.05


Tree=8
num_leaves=11
num_cat=0
split_feature=5 5 24 25 26 4 5 17 17 11
split_gain=72.8688 25.1149 35.124 24.833 22.2731 26.9233 25.6705 17.7512 17.5451 16.4968
threshold=53.000000000000007 44.500000000000007 0.0011354400000000001 0.00011738833333333334 1.5000000000000002 0.56125000000000014 57.500000000000007 -0.11564829900437611 0.0018300068749823597 1.0761211994900852
decision_type=2 2 8 10 2 2 2 2 2 2
left_child=1 -1 3 -3 7 6 -6 -2 -7 -9
right_child=4 2 -4 -5 5 8 -8 9 -10 -11
leaf_value=-0.0063685977778264458 0.031856863374392003 0.038231333620943032 -0.011058881878852844 0.09063691077753902 0.047148691554014625 0.0013503693008593692 0.0049840132462380046 -0.0035268765985354681 -0.022441783771405814 -0.017713873523972561
leaf_weight=35 26 77 26 32 38 157 721 442 153 382
leaf_count=35 26 77 26 32 38 157 721 442 153 382
internal_value=8.63781e-11 0.0313751 0.0411605 0.0536165 -0.00277945 0.00202389 0.00709502 -0.00882035 -0.0103922 -0.0101039
internal_weight=2089 170 135 109 1919 1069 759 850 310 824
internal_count=2089 170 135 109 1919 1069 759 850 310 824
is_linear=0
shrinkage=0.05


Tree=9
num_leaves=12
num_cat=0
split_feature=5 12 8 20 4 16 5 23 19 6 9
split_gain=65.7641 25.8308 45.9657 24.0468 20.6773 37.999 26.0008 17.2466 8.02681 7.62423 0.57143
threshold=53.000000000000007 1.6753990451331739 0.075449475042626918 0.96638418079096056 0.45393939393939398 0.028422848692656547 60.500000000000007 8.2983930439519522 0.013536395725167341 0.026954521413467939 0.15082769031316806
decision_type=2 2 2 2 2 2 2 2 2 2 2
left_child=1 -1 -3 4 6 -6 -2 -4 9 -5 -10
right_child=3 2 7 8 5 -7 -8 -9 10 -11 -12
leaf_value=-0.022109327695909002 0.028918555786239575 0.10568617412022181 0.03780048936605454 -0.032138655272622906 -0.011370160102360475 0.030601695438815375 0.00098592389029503614 -0.002370628557707134 -0.027694085324626597 -0.0011803992976576595 -0.037648144364356997
leaf_weight=21 91 21 90 30 627 59 986 38 21 59 46
leaf_count=21 91 21 90 30 627 59 986 38 21 59 46
internal_value=-2.57332e-10 0.0298063 0.0371233 -0.00264048 -0.000975542 -0.00776034 0.00334606 0.0258747 -0.0214564 -0.0116158 -0.0345282
internal_weight=2089 170 149 1919 1763 686 1077 128 156 89 67
internal_count=2089 170 149 1919 1763 686 1077 128 156 89 67
is_linear=0
shrinkage=0.05


Tree=10
num_leaves=12
num_cat=0
split_feature=5 12 8 9 9 10 17 19 5 23 16
split_gain=59.3521 23.3123 41.484 20.0996 27.1039 22.1816 20.4797 26.6698 20.5768 15.5651 13.7506
threshold=53.000000000000007 1.6753990451331739 0.075449475042626918 -0.078075416238069559 -0.11692537128022161 0.018615098591004447 -0.0011604460548131355 0.010018913321172405 72.500000000000014 8.2983930439519522 -0.081490810775343356
decision_type=2 2 2 2 2 2 2 2 2 2 2
left_child=1 -1 -3 4 10 -6 8 -8 -5 -4 -2
right_child=3 2 9 6 5 -7 7 -9 -10 -11 -12
leaf_value=-0.021003860953663078 -0.022855752101599208 0.10040186586834135 0.035910464525222778 0.0048661712836474179 0.049595218742715906 -0.00080822425229208823 0.0075335129095620403 -0.0094927842488441785 -0.018707152168369958 -0.0022520973494178373 0.0043789736697285092
leaf_weight=21 54 21 90 120 58 35 462 458 405 38 327
leaf_count=21 54 21 90 120 58 35 462 458 405 38 327
internal_value=2.53737e-10 0.028316 0.0352671 -0.00250845 0.00642605 0.0306262 -0.00543922 -0.000942622 -0.013319 0.024581 0.000518934
internal_weight=2089 170 149 1919 474 93 1445 920 525 128 381
internal_count=2089 170 149 1919 474 93 1445 920 525 128 381
is_linear=0
shrinkage=0.05


Tree=11
num_leaves=12
num_cat=0
split_feature=5 16 17 24 9 9 17 25 17 3 5
split_gain=53.7819 28.0539 27.9712 19.2124 19.2102 22.2919 19.3268 18.105 24.3014 20.8431 13.3958
threshold=57.500000000000007 -0.030777616560285988 0.14289387218689689 0.0004969550000000001 -0.078075416238069559 -0.11692537128022161 -0.017100649736569547 0.0001001777777777778 -0.00021532018331438249 0.10172881430296378 70.500000000000014
decision_type=2 2 2 8 2 2 2 10 2 2 2
left_child=1 -1 3 -3 5 10 -7 9 -9 -6 -2
right_child=4 2 -4 -5 7 6 -8 8 -10 -11 -12
leaf_value=-0.022256930429262647 -0.017253261197257383 0.039050322305149494 -0.029583633318543436 -0.00054731507961814469 0.0092842803043485782 0.043689024304189993 -0.0069945956821794858 -0.012425382448450584 0.0083025316337744393 -0.01440271806565499 0.0056558413138322917
leaf_weight=33 83 178 20 37 108 62 27 227 375 663 276
leaf_count=33 83 178 20 37 108 62 27 227 375 663 276
internal_value=1.47094e-11 0.0209125 0.0269746 0.0322358 -0.00307773 0.00591263 0.0283131 -0.00601123 0.000486524 -0.0110847 0.000359308
internal_weight=2089 268 235 215 1821 448 89 1373 602 771 359
internal_count=2089 268 235 215 1821 448 89 1373 602 771 359
is_linear=0
shrinkage=0.05


Tree=12
num_leaves=12
num_cat=0
split_feature=5 20 10 26 16 17 16 24 14 6 12
split_gain=49.7197 20.6509 20.6331 19.4092 23.3643 14.9051 14.2315 16.3053 7.23985 6.97641 4.44497
threshold=53.000000000000007 0.96992311171415657 0.011890623167703422 2.5000000000000004 0.041576164040602499 -0.0039029884899557383 -0.030777616560285988 0.0004969550000000001 6.6649464535281835 0.068529687950734233 2.2209663572037717
decision_type=2 2 2 2 2 2 2 8 2 2 2
left_child=2 3 -1 5 -5 -2 -4 -8 10 -10 -3
right_child=1 8 6 4 -6 -7 7 -9 9 -11 -12
leaf_value=0.072315856388637009 -0.01123519215195202 -0.007333266929807989 -0.017750104536852714 0.0030695391747993283 0.041006077514138338 0.00095132508809189504 0.038402112529558302 0.00032170771488121582 0.018639896437525751 -0.021737786673981213 -0.032611606691975194
leaf_weight=21 521 22 22 723 43 484 85 42 20 23 83
leaf_count=21 521 22 22 723 43 484 85 42 20 23 83
internal_value=-1.4981e-11 -0.00229589 0.0259166 -0.000796474 0.00519914 -0.00536626 0.0193771 0.0258086 -0.0202383 -0.00295747 -0.0273152
internal_weight=2089 1919 170 1771 766 1005 149 127 148 43 105
internal_count=2089 1919 170 1771 766 1005 149 127 148 43 105
is_linear=0
shrinkage=0.05


Tree=13
num_leaves=12
num_cat=0
split_feature=26 8 12 11 23 17 18 13 27 10 11
split_gain=23.2734 21.5888 28.7854 24.8453 23.2288 10.8177 12.4625 15.869 9.85799 5.31719 2.72708
threshold=1.5000000000000002 -0.1739766950134187 -2.4525990024152242 0.59873594573766342 8.2268569191364858 -0.11564829900437611 -0.053186925716415694 2.7787495370260058 4.5000000000000009 0.050398703052326459 1.3049990200179638
decision_type=2 2 2 2 2 2 2 2 2 2 2
left_child=5 9 4 -4 -3 -1 8 -8 -7 10 -2
right_child=1 2 3 -5 -6 6 7 -9 -10 -11 -12
leaf_value=0.024033768696646238 -0.020231007493850664 0.00089436769485473633 0.054486876904654008 0.0030047399419557163 0.056759198137311909 -0.025409898314639134 0.006720361607190091 -0.009247321519639572 0.0063423210568726062 0.0020932667143642903 -0.042751458771526814
leaf_weight=29 41 30 24 996 49 132 228 490 30 20 20
leaf_count=29 41 30 24 996 49 132 228 490 30 20 20
internal_value=-6.35352e-11 0.00463204 0.0064681 0.00421608 0.0355447 -0.00601298 -0.00700316 -0.0041768 -0.0195299 -0.0202794 -0.0276148
internal_weight=2089 1180 1099 1020 79 909 880 718 162 81 61
internal_count=2089 1180 1099 1020 79 909 880 718 162 81 61
is_linear=0
shrinkage=0.05


Tree=14
num_leaves=10
num_cat=0
split_feature=5 12 8 20 25 4 23 1 10
split_gain=44.9325 19.7717 34.7153 18.3235 18.0594 17.7835 13.5371 5.24607 3.34009
threshold=53.000000000000007 1.6753990451331739 0.075449475042626918 0.96992311171415657 0.0016414077777777778 0.45393939393939398 8.2983930439519522 0.01745419751549402 0.043321879504275039
decision_type=2 2 2 2 10 2 2 2 2
left_child=1 -1 -3 4 5 -2 -4 -5 -9
right_child=3 2 6 7 -6 -7 -8 8 -10
leaf_value=-0.020783019347471142 0.0040182345932950544 0.090623320852007194 0.031828989759087566 0.0028619126943142518 -0.034867479573739202 -0.0063713806667862584 -0.0037606808700059594 -0.026899018030033989 -0.0054368248717351396
leaf_weight=21 1059 21 90 23 38 674 38 103 22
leaf_count=21 1059 21 90 23 38 674 38 103 22
internal_value=7.92886e-11 0.0246374 0.0310389 -0.00218257 -0.000770166 -2.25044e-05 0.0212633 -0.0190837 -0.0231217
internal_weight=2089 170 149 1919 1771 1733 128 148 125
internal_count=2089 170 149 1919 1771 1733 128 148 125
is_linear=0
shrinkage=0.05


Tree=15
num_leaves=12
num_cat=0
split_feature=26 8 16 4 25 17 19 19 21 2 10
split_gain=20.5862 19.498 35.6898 21.3762 14.0272 9.75997 11.5668 25.3885 11.0256 5.21685 3.71372
threshold=1.5000000000000002 -0.1739766950134187 -0.053816447289357854 0.55148172182565447 9.5666111111111145e-05 -0.11564829900437611 0.0088096384454321164 0.0079094042719120242 3.5000000000000004 0.14116044430122762 0.047108145293033955
decision_type=2 2 2 2 10 2 2 2 2 2 2
left_child=5 9 4 -4 -3 -1 7 -7 -8 -2 -11
right_child=1 2 3 -5 -6 6 8 -9 -10 10 -12
leaf_value=0.02288484293325194 -0.040766574331514899 0.082072353959083563 0.0092881175196346116 -0.0058692839031404672 0.022854128764010967 -0.0061582577818517018 -0.0039233227898539218 0.029617264210468248 -0.01766560322593716 -0.021618638338672148 0.003966346948468329
leaf_weight=29 21 20 714 345 20 233 297 63 287 37 23
leaf_count=29 21 20 714 345 20 233 297 63 287 37 23
internal_value=-2.39629e-11 0.00435642 0.00610131 0.00435015 0.0524632 -0.0056552 -0.00659573 0.00145613 -0.0106768 -0.019318 -0.0118111
internal_weight=2089 1180 1099 1059 40 909 880 296 584 81 60
internal_count=2089 1180 1099 1059 40 909 880 296 584 81 60
is_linear=0
shrinkage=0.05


Tree=16
num_leaves=11
num_cat=0
split_feature=5 16 17 13 1 2 17 16 20 16
split_gain=41.5227 22.9821 23.1231 19.6225 20.796 16.5177 15.899 14.5704 41.3803 12.4654
threshold=57.500000000000007 -0.030777616560285988 0.14289387218689689 3.1093880083991232 0.066450676978527981 0.80669919590845074 0.004103263237347222 0.027603313989048143 0.94533001245330028 -0.053816447289357854
decision_type=2 2 2 2 2 2 2 2 2 2
left_child=1 -1 6 7 5 -5 -3 9 -9 -2
right_child=3 2 -4 4 -6 -7 -8 8 -10 -11
leaf_value=-0.020697649759522669 0.014819458483769324 0.0045726845757319374 -0.027561738677322867 -0.014547756016080347 0.040329648080197254 -0.00097700074734890087 0.036325282986887211 0.053507082164287567 -0.017729913872770137 -0.0021619967840102927
leaf_weight=33 129 52 20 535 22 386 163 47 36 666
leaf_count=33 129 52 20 535 22 386 163 47 36 666
internal_value=1.23711e-10 0.0183752 0.023862 -0.00270431 -0.00771253 -0.00886012 0.0286456 0.00267469 0.0226091 0.000593485
internal_weight=2089 268 235 1821 943 921 215 878 83 795
internal_count=2089 268 235 1821 943 921 215 878 83 795
is_linear=0
shrinkage=0.05


Tree=17
num_leaves=14
num_cat=0
split_feature=5 20 8 13 9 20 20 20 15 10 22 25 11
split_gain=37.4742 20.9608 24.6762 17.7093 19.8895 29.9199 17.2916 14.7456 13.3404 28.9003 14.1847 10.0221 6.94124
threshold=57.500000000000007 0.17396825396825399 0.17329951262126278 3.1093880083991232 0.57485068452990895 0.41301587301587306 0.89347517730496462 0.6110144927536233 8.5000000000000018 0.01650372719101361 1.5000000000000002 9.5233333333333349e-05 1.0605124199463332
decision_type=2 2 2 2 2 2 2 2 2 2 2 10 2
left_child=1 12 11 8 7 -6 -4 -5 9 -2 -10 -3 -1
right_child=3 2 6 4 5 -7 -8 -9 10 -11 -12 -13 -14
leaf_value=-0.033262791541283546 0.047263740181770861 0.048815977554532548 0.027376608775798669 -0.0012626654655912763 -0.025233451882377269 0.033980022463947539 -0.015669305593359703 -0.014886572483103081 0.004721180169945171 0.003035017422710856 -0.010262419666349889 0.020549599511119038 0.0070129762589931496
leaf_weight=23 49 79 43 318 32 64 51 529 429 150 250 52 20
leaf_count=23 49 79 43 318 32 64 51 529 429 150 250 52 20
internal_value=4.19742e-11 0.0174564 0.0235693 -0.00256909 -0.00732691 0.0142422 0.00402191 -0.00977158 0.00254095 0.0139255 -0.000795609 0.0375957 -0.0145299
internal_weight=2089 268 225 1821 943 96 94 847 878 199 679 131 43
internal_count=2089 268 225 1821 943 96 94 847 878 199 679 131 43
is_linear=0
shrinkage=0.05


Tree=18
num_leaves=14
num_cat=0
split_feature=26 8 16 20 25 1 18 3 27 12 27 13 4
split_gain=17.6694 17.7072 32.5279 25.3705 9.17882 17.322 14.7463 23.1195 17.681 8.26461 3.45824 7.72546 2.17021
threshold=1.5000000000000002 -0.1739766950134187 -0.057111641679977503 0.016807909604519777 8.7282222222222241e-05 0.012068980784154663 0.054981004927698869 0.35035577606940932 5.5000000000000009 2.7116591551597278 2.5000000000000004 -4.9902680391428555 0.25834260289210237
decision_type=2 2 2 2 8 2 2 2 2 2 2 2 2
left_child=4 10 -3 -4 5 -1 8 -8 -6 -7 12 -12 -2
right_child=1 2 3 -5 6 9 7 -9 -10 -11 11 -13 -14
leaf_value=0.033953614383935925 -0.017503413008082482 0.059900779242592829 0.054112020894885066 0.0031450916076774613 0.0019295969415300835 -0.0085148170895557457 -0.020733605422378509 0.016053754579404306 0.041670854897388532 -0.024872893754230893 -0.03003911402076483 0.013908185335458257 -0.040517183169722561
leaf_weight=20 21 27 25 1047 288 235 162 58 31 115 20 20 20
leaf_count=20 21 27 25 1047 288 235 162 58 31 115 20 20 20
internal_value=7.80022e-11 0.00403602 0.00569885 0.00433369 -0.00523927 -0.0113035 -0.00107645 -0.0110351 0.0057916 -0.0138896 -0.0185251 -0.00806546 -0.0287296
internal_weight=2089 1180 1099 1072 909 370 539 220 319 350 81 40 41
internal_count=2089 1180 1099 1072 909 370 539 220 319 350 81 40 41
is_linear=0
shrinkage=0.05


Tree=19
num_leaves=12
num_cat=0
split_feature=5 16 17 9 9 10 25 25 3 17 11
split_gain=33.4038 20.2262 19.5686 15.6192 18.6083 18.6652 15.4659 23.5608 15.7848 13.6707 12.323
threshold=57.500000000000007 -0.030777616560285988 0.14289387218689689 -0.078075416238069559 -0.11692537128022161 0.018615098591004447 0.0001001777777777778 0.00011266944444444448 0.10172881430296378 0.004103263237347222 0.98120755731274478
decision_type=2 2 2 2 2 2 10 10 2 2 2
left_child=1 -1 9 4 10 -6 8 -8 -5 -3 -2
right_child=3 2 -4 6 5 -7 7 -9 -10 -11 -12
leaf_value=-0.020174177455059675 -0.0092701380301843436 0.0037067547933055233 -0.025677967295050619 0.0079660177937950251 0.044581629197906564 -0.0022943189420870373 0.038011851869523529 -0.001704100458766748 -0.012647298842446942 0.033150258267218354 0.0092952874298963244
leaf_weight=33 168 52 20 108 54 35 40 562 663 163 191
leaf_count=33 168 52 20 108 54 35 40 562 663 163 191
internal_value=3.57995e-11 0.0164811 0.0216284 -0.00242556 0.00568108 0.0261473 -0.00507069 0.000934833 -0.00975983 0.026029 0.000607289
internal_weight=2089 268 235 1821 448 89 1373 602 771 215 359
internal_count=2089 268 235 1821 448 89 1373 602 771 215 359
is_linear=0
shrinkage=0.05


Tree=20
num_leaves=11
num_cat=0
split_feature=5 16 17 24 13 1 2 16 20 16
split_gain=30.1469 18.2541 17.6606 15.8325 14.7627 18.1398 14.6459 13.2672 36.7115 10.9702
threshold=57.500000000000007 -0.030777616560285988 0.14289387218689689 0.0004969550000000001 3.1093880083991232 0.066450676978527981 0.80669919590845074 0.027603313989048143 0.94533001245330028 -0.053816447289357854
decision_type=2 2 2 8 2 2 2 2 2 2
left_child=1 -1 3 -3 7 6 -6 9 -9 -2
right_child=4 2 -4 -5 5 -7 -8 8 -10 -11
leaf_value=-0.019165468856579427 0.013720910567853442 0.030913671168101054 -0.024394069015979767 -0.0050324951676098077 -0.013075746180855226 0.038220966539599679 -0.00029703481460636766 0.050486145701576425 -0.016611936864339646 -0.002209590854858784
leaf_weight=33 129 178 20 37 535 22 386 47 36 666
leaf_count=33 129 178 20 37 535 22 386 47 36 666
internal_value=-5.94337e-12 0.015657 0.020547 0.0247276 -0.00230428 -0.00664827 -0.00772006 0.00236131 0.0213834 0.000375358
internal_weight=2089 268 235 215 1821 943 921 878 83 795
internal_count=2089 268 235 215 1821 943 921 878 83 795
is_linear=0
shrinkage=0.05


Tree=21
num_leaves=8
num_cat=0
split_feature=5 6 8 25 25 20 18
split_gain=27.2343 15.8818 29.4588 14.5412 15.3239 13.8263 11.2604
threshold=53.000000000000007 0.011951686571681776 0.075449475042626918 0.0016414077777777778 0.0012028738888888891 0.96992311171415657 0.087874819241595695
decision_type=2 2 2 10 10 2 2
left_child=1 -1 -3 4 5 -2 -4
right_child=3 2 6 -5 -6 -7 -8
leaf_value=-0.022671879678964616 -0.00039891727530955395 0.081253609806299212 0.0042468024960047087 -0.032321317964478541 0.033224180014804004 -0.016332295141812111 0.034385147047977821
leaf_weight=20 1701 20 79 38 32 148 51
leaf_count=20 1701 20 79 38 32 148 51
internal_value=1.00867e-10 0.019181 0.0247614 -0.0016992 -0.00108058 -0.00167428 0.0160703
internal_weight=2089 170 150 1919 1881 1849 130
internal_count=2089 170 150 1919 1881 1849 130
is_linear=0
shrinkage=0.05


Tree=22
num_leaves=15
num_cat=0
split_feature=5 17 25 16 23 13 9 4 20 16 20 27 4 16
split_gain=25.2937 16.5144 22.8376 31.1802 25.1218 13.187 16.6745 27.8148 12.527 12.2445 32.5577 10.035 8.17718 14.8975
threshold=57.500000000000007 0.004103263237347222 9.4487777777777789e-05 0.023075371640725709 8.1741811700482163 3.1093880083991232 0.57485068452990895 0.55148172182565447 0.6110144927536233 0.027603313989048143 0.94533001245330028 2.5000000000000004 0.48107142857142865 -0.023866210143410168
decision_type=2 2 10 2 2 2 2 2 2 2 2 2 2 2
left_child=1 12 3 -3 -4 9 8 -8 -7 11 -11 -2 13 -1
right_child=5 2 4 -5 -6 6 7 -9 -10 10 -12 -13 -14 -15
leaf_value=-0.023970209276303653 -0.0058629401736486134 0.060757744019148789 0.025716251347746168 -0.0037785494493113624 -0.025345118764119275 -0.00061195709643030319 0.035794901873981745 -0.019004253317148258 -0.013169211795683845 0.047979975248033067 -0.01520815207105544 0.0054368777255612349 -0.024440152797615158 0.033428748711370505
leaf_weight=20 355 61 63 27 39 318 57 39 529 47 36 440 32 26
leaf_count=20 355 61 63 27 39 318 57 39 529 47 36 440 32 26
internal_value=3.59779e-11 0.0143415 0.022294 0.0409568 0.00619279 -0.00211067 -0.0062163 0.0135327 -0.00845468 0.00229892 0.0205731 0.000391047 -0.00503002 0.00847268
internal_weight=2089 268 190 88 102 1821 943 96 847 878 83 795 78 46
internal_count=2089 268 190 88 102 1821 943 96 847 878 83 795 78 46
is_linear=0
shrinkage=0.05


Tree=23
num_leaves=12
num_cat=0
split_feature=5 11 18 18 15 4 22 2 19 14 14
split_gain=22.8542 17.7302 17.2177 19.9209 13.5188 21.5806 17.1847 21.8193 21.6098 15.7991 15.0523
threshold=58.500000000000007 0.80165312619836293 0.21403171978267824 0.10459479177026944 5.5000000000000009 0.34580419580419586 1.5000000000000002 2.0649891962473226 0.017688530184635759 4.7197099187140532 4.9220321631026405
decision_type=2 2 2 2 2 2 2 2 2 2 2
left_child=1 -1 3 -3 5 10 8 -8 -6 -7 -2
right_child=4 2 -4 -5 6 9 7 -9 -10 -11 -12
leaf_value=-0.026402180589950433 0.050472539577167491 0.01246864399929164 -0.01635458719204454 0.044971099270112586 -0.0015251542379209225 -0.031453507070086505 -0.011938952908809227 0.039912750749360952 0.028325173244453397 0.0082096223090146036 0.010741211650735242
leaf_weight=26 40 165 34 66 902 38 599 21 65 74 59
leaf_count=26 40 165 34 66 902 38 599 21 65 74 59
internal_value=5.56107e-11 0.0129997 0.0168655 0.0217551 -0.00210395 0.00978631 -0.00368483 -0.0101827 0.000481331 -0.00524751 0.0267943
internal_weight=2089 291 265 231 1798 211 1587 620 967 112 99
internal_count=2089 291 265 231 1798 211 1587 620 967 112 99
is_linear=0
shrinkage=0.05


Tree=24
num_leaves=8
num_cat=0
split_feature=5 6 8 25 25 9 2
split_gain=20.9772 14.1005 25.6807 13.1023 13.451 13.189 11.2558
threshold=53.000000000000007 0.011951686571681776 0.075449475042626918 0.0016414077777777778 0.0012028738888888891 -0.078075416238069559 0.41379039470979923
decision_type=2 2 2 10 10 2 2
left_child=1 -1 -3 4 5 -2 -4
right_child=3 2 6 -5 -6 -7 -8
leaf_value=-0.022601997982710603 0.005773073804386436 0.07483752548694611 0.031710976745300698 -0.030558818274814832 0.031236005155369641 -0.0039256310171592564 0.001771313353598892
leaf_weight=20 470 20 53 38 32 1379 77
leaf_count=20 470 20 53 38 32 1379 77
internal_value=1.51942e-11 0.016834 0.0220922 -0.00149129 -0.000904066 -0.0014603 0.0139775
internal_weight=2089 170 150 1919 1881 1849 130
internal_count=2089 170 150 1919 1881 1849 130
is_linear=0
shrinkage=0.05


Tree=25
num_leaves=13
num_cat=0
split_feature=5 17 11 8 17 12 17 19 2 20 1 1
split_gain=19.5097 14.9209 14.2285 17.7148 14.5996 12.759 16.1751 32.8456 26.3945 13.7845 22.0404 11.2957
threshold=60.500000000000007 0.14289387218689689 0.79113217743822972 -0.045917268816023642 0.004103263237347222 3.0564190940745042 -0.0011604460548131355 0.010018913321172405 0.85854229897894629 0.7148600357355569 0.045706828869726421 0.018242375611317144
decision_type=2 2 2 2 2 2 2 2 2 2 2 2
left_child=1 2 3 -1 -4 6 7 -2 -8 10 -7 -11
right_child=5 -3 4 -5 -6 9 8 -9 -10 11 -12 -13
leaf_value=0.017335340208817451 -0.016402089540944451 -0.027027900218963626 -0.00011652470768793769 -0.048416177202016117 0.023619331489210804 0.010517022640302482 0.0032177900943856741 0.0051322210762631063 0.039565452427736354 0.0092602957453992631 -0.025305556903282803 -0.020859493874823273
leaf_weight=21 319 25 92 20 219 151 462 398 56 36 60 230
leaf_count=21 319 25 92 20 219 151 462 398 56 36 60 230
internal_value=1.25594e-10 0.0102969 0.0129478 -0.0147386 0.0165978 -0.00226748 0.000415095 -0.00444859 0.00714727 -0.00921295 0.000330507 -0.0167831
internal_weight=2089 377 352 41 311 1712 1235 717 518 477 211 266
internal_count=2089 377 352 41 311 1712 1235 717 518 477 211 266
is_linear=0
shrinkage=0.05


Tree=26
num_leaves=14
num_cat=0
split_feature=5 16 16 20 25 17 20 1 7 17 26 20 27
split_gain=18.3086 32.0387 30.4136 59.5257 22.6784 17.8215 21.3718 14.8718 12.3479 12.1499 11.455 8.66386 2.15318
threshold=74.500000000000014 -0.033389602164036518 -0.053816447289357854 0.025238095238095243 0.0001001777777777778 0.069429482427326064 0.053693693693693707 0.01357037026966112 0.21559460461431906 -0.05566447839346899 3.5000000000000004 1.0000000180025095e-35 4.5000000000000009
decision_type=2 2 2 2 10 2 2 2 2 2 2 2 2
left_child=1 10 3 11 -5 6 -3 -4 -7 -9 12 -2 -1
right_child=2 5 7 4 -6 8 -8 9 -10 -11 -12 -13 -14
leaf_value=-0.033418492096491524 -0.033022703304886818 -0.014243364320587246 0.026092173521007813 0.10686120770871639 0.032466250090371997 -0.012239842487835006 0.016822906274180066 0.010729261566204636 0.030145512223243714 -0.0085190427856398927 0.0084016327347074243 0.0078257331495276746 -0.01517225542232733
leaf_weight=61 25 62 35 20 21 122 517 89 20 1040 28 27 22
leaf_count=61 25 62 35 20 21 122 517 89 20 1040 28 27 22
internal_value=-1.42329e-11 0.00575352 -0.00380822 0.0237069 0.0687565 0.00960333 0.0134963 -0.00600659 -0.00627007 -0.00700168 -0.0192529 -0.0118129 -0.0285821
internal_weight=2089 832 1257 93 41 721 579 1164 142 1129 111 52 83
internal_count=2089 832 1257 93 41 721 579 1164 142 1129 111 52 83
is_linear=0
shrinkage=0.05


Tree=27
num_leaves=13
num_cat=0
split_feature=4 23 1 18 14 19 3 3 18 18 10 4
split_gain=11.5137 19.7614 14.0814 42.3583 16.5076 11.1305 22.5915 19.9609 9.9231 14.3056 6.79654 6.6183
threshold=0.55907278165503504 7.7844589022744364 0.01357037026966112 0.053325744827562367 7.0066096139541374 0.016838298060338406 0.3772716132861999 0.31448458139497021 0.013397649878730713 0.065839977773562111 0.011890623167703422 0.78756410256410259
decision_type=2 2 2 2 2 2 2 2 2 2 2 2
left_child=1 -1 3 -3 -4 8 7 -7 10 -10 -2 -8
right_child=5 2 4 -5 -6 6 11 -9 9 -11 -12 -13
leaf_value=0.048433830394693046 0.0011659489168475072 -0.010080683763538089 0.0030394776864636937 0.07513328576087952 -0.012078264014899871 0.0066158474861260728 -0.037823644191736269 0.067738679864189841 0.010189764023973391 -0.012140336656011642 -0.019774933010617744 0.0023656710982322693
leaf_weight=23 48 35 1156 25 214 34 21 22 130 160 201 20
leaf_count=23 48 35 1156 25 214 34 21 22 130 160 201 20
internal_value=7.38379e-11 0.00245587 0.00171636 0.0254251 0.00067802 -0.00561065 0.00998151 0.0306284 -0.00841666 -0.00213029 -0.0157381 -0.0182191
internal_weight=2089 1453 1430 60 1370 636 97 56 539 290 249 41
internal_count=2089 1453 1430 60 1370 636 97 56 539 290 249 41
is_linear=0
shrinkage=0.05


Tree=28
num_leaves=12
num_cat=0
split_feature=5 11 18 17 15 4 9 23 22 2 9
split_gain=16.0628 13.5718 15.1149 20.7569 11.4503 18.5242 17.0514 15.7922 14.9726 19.9326 17.8382
threshold=57.500000000000007 0.80165312619836293 0.21403171978267824 0.004103263237347222 5.5000000000000009 0.34580419580419586 0.26304487090059131 8.4245426474320499 1.5000000000000002 2.0649891962473226 0.60654670890029116
decision_type=2 2 2 2 2 2 2 2 2 2 2
left_child=1 -1 3 -3 5 7 -7 -2 10 -10 -6
right_child=4 2 -4 -5 8 6 -8 -9 9 -11 -12
leaf_value=-0.02365086780395359 0.049095627591013907 -0.0041953808132318719 -0.015879622978322648 0.030300687391589694 -0.00083546204202345267 -0.013796675838129494 0.037093363106250769 0.0087992592504428282 -0.010878017914021224 0.038678391632579627 0.030112968339603776
leaf_weight=25 40 62 34 147 935 93 20 62 601 21 49
leaf_count=25 40 62 34 147 935 93 20 62 601 21 49
internal_value=2.0792e-11 0.0114288 0.0150378 0.0200674 -0.00168199 0.00915421 -0.00478959 0.0246018 -0.00313267 -0.00920489 0.000705669
internal_weight=2089 268 243 209 1821 215 113 102 1606 622 984
internal_count=2089 268 243 209 1821 215 113 102 1606 622 984
is_linear=0
shrinkage=0.05


Tree=29
num_leaves=14
num_cat=0
split_feature=5 18 16 20 9 17 25 17 10 18 1 18 9
split_gain=15.2257 30.9789 27.4584 53.247 27.2965 21.1835 20.7634 18.0027 13.3855 12.7611 12.7765 8.46321 1.65794
threshold=74.500000000000014 -0.057088684398337357 -0.053816447289357854 0.025238095238095243 0.11029858880828768 0.078776181416468929 0.0001001777777777778 -0.11251535389187682 0.01490130549750349 -0.18266204024368268 0.01357037026966112 -0.16122093627720344 -0.31114416636290038
decision_type=2 2 2 2 2 2 10 2 2 2 2 2 2
left_child=1 4 3 11 12 7 -5 -3 -7 -4 -11 -2 -1
right_child=2 5 9 6 -6 8 -8 -9 -10 10 -12 -13 -14
leaf_value=-0.020881225895136597 -0.028886887810096656 -0.029548752416546149 0.034032823136076328 0.10173928014934064 0.020109351295413396 0.026275092624127867 0.030554589345341637 0.014645712371016232 -0.018857117907306098 0.023489825108221601 -0.0071925945912665844 0.011727159494615121 -0.037343578557125653
leaf_weight=20 29 24 20 20 33 20 21 578 92 35 1109 23 65
leaf_count=20 29 24 20 20 33 20 21 578 92 35 1109 23 65
internal_value=3.35586e-12 0.00524682 -0.00347283 0.0226714 -0.018486 0.00916905 0.0652788 0.0128838 -0.0107978 -0.00556167 -0.00625388 -0.010923 -0.0334701
internal_weight=2089 832 1257 93 118 714 41 602 112 1164 1144 52 85
internal_count=2089 832 1257 93 118 714 41 602 112 1164 1144 52 85
is_linear=0
shrinkage=0.05


Tree=30
num_leaves=13
num_cat=0
split_feature=5 11 9 9 10 25 25 11 7 25 5 25
split_gain=13.814 11.8676 11.4548 16.6831 16.8538 14.0853 20.9668 11.8822 11.0504 9.84353 24.8454 19.9322
threshold=57.500000000000007 0.80165312619836293 -0.078075416238069559 -0.11692537128022161 0.018615098591004447 0.0001001777777777778 0.00011266944444444448 0.8783214966484254 -0.16587148459991272 9.4166111111111122e-05 49.500000000000007 7.3706111111111118e-05
decision_type=2 2 2 2 2 10 10 2 2 8 2 10
left_child=1 -1 3 8 -5 7 -7 -4 -2 11 -11 -3
right_child=2 9 5 4 -6 6 -8 -9 -10 10 -12 -13
leaf_value=-0.022204737551510336 -0.019826758965999555 0.013197670752803484 0.0040244027518500118 0.04227811776929432 -0.0022652378465448111 0.036882597990334033 -0.00058326616036470354 -0.011426196710729017 0.0043496159716776691 0.02441362517898622 -0.019015589962558199 0.063295403409462714
leaf_weight=25 56 84 156 54 35 40 562 615 303 73 60 26
leaf_count=25 56 84 156 54 35 40 562 615 303 73 60 26
internal_value=-2.24026e-12 0.0105986 -0.00155982 0.00538252 0.0247611 -0.00382505 0.00190616 -0.00830001 0.000578371 0.0139734 0.0048215 0.025039
internal_weight=2089 268 1821 448 89 1373 602 771 359 243 133 110
internal_count=2089 268 1821 448 89 1373 602 771 359 243 133 110
is_linear=0
shrinkage=0.05


Tree=31
num_leaves=14
num_cat=0
split_feature=5 18 7 17 23 12 23 17 1 10 10 21 1
split_gain=13.1038 28.1002 20.0034 18.9014 17.3131 14.4879 22.0163 15.5772 14.0445 15.4217 12.025 10.3554 2.07311
threshold=74.500000000000014 -0.057088684398337357 0.10298483634836166 0.078776181416468929 7.4738773311470998 1.7173475599482066 9.0886698138238362 -0.093943881494296541 0.01357037026966112 0.034205103364405867 0.01490130549750349 8.5000000000000018 0.044425436546617875
decision_type=2 2 2 2 2 2 2 2 2 2 2 2 2
left_child=1 2 12 4 -3 6 11 -8 -7 -10 -5 -2 -1
right_child=5 3 -4 10 -6 8 7 -9 9 -11 -12 -13 -14
leaf_value=-0.034915538468132064 0.0054668324943775723 -0.017367343070066495 0.020057949920495352 0.024880840890109543 0.014550938406119983 0.031356445554157966 0.0013049430092391761 0.054582995614584753 -0.013222767547774834 0.0015406925693378414 -0.017896402111459202 -0.012104003430314121 -0.019403318108192513
leaf_weight=56 259 46 27 20 556 23 23 34 528 266 92 124 35
leaf_count=56 259 46 27 20 556 23 23 34 528 266 92 124 35
internal_value=4.43927e-11 0.00486749 -0.0177358 0.00860304 0.012112 -0.00322176 0.00409284 0.0330848 -0.00716108 -0.00827682 -0.0102576 -0.000221898 -0.0289493
internal_weight=2089 832 118 714 602 1257 440 57 817 794 112 383 91
internal_count=2089 832 118 714 602 1257 440 57 817 794 112 383 91
is_linear=0
shrinkage=0.05


Tree=32
num_leaves=10
num_cat=0
split_feature=5 17 8 20 17 25 24 18 8
split_gain=11.8709 11.6136 18.0452 18.8133 11.816 10.8939 13.9337 24.872 12.9864
threshold=57.500000000000007 -0.0084005300883482886 0.062052007944934935 0.98019607843137269 -0.038338093993730553 0.0016414077777777778 0.00056760500000000011 0.047421585406843832 0.12708048811491326
decision_type=2 2 2 2 2 10 10 2 2
left_child=1 4 -3 -4 -1 6 8 -8 -2
right_child=5 2 3 -5 -6 -7 7 -9 -10
leaf_value=0.01051581512967294 0.00083701759441085627 0.046564717901760325 0.018281552381813528 -0.019695000376933339 -0.034084966102683988 -0.027936535838403199 0.040067070310137107 -0.0014053957500294145 -0.0087114709328711595
leaf_weight=33 1098 38 126 44 27 38 56 102 527
leaf_count=33 1098 38 126 44 27 38 56 102 527
internal_value=1.16527e-11 0.00982494 0.0154152 0.00845233 -0.00955454 -0.00144595 -0.000881376 0.0132937 -0.00225963
internal_weight=2089 268 208 170 60 1821 1783 158 1625
internal_count=2089 268 208 170 60 1821 1783 158 1625
is_linear=0
shrinkage=0.05


Tree=33
num_leaves=13
num_cat=0
split_feature=17 8 19 23 1 22 19 19 6 20 9 7
split_gain=8.99622 22.4593 30.085 32.5954 26.3615 24.011 18.4907 29.9639 17.2619 14.9841 14.7658 4.06057
threshold=-0.0011604460548131355 0.07961260731826493 0.012103015087880843 7.8889842127347203 0.065697144940247573 1.0000000180025095e-35 0.012999793596621364 0.013605037585747539 0.11804513345470137 0.8257418909592823 -0.076487883304233936 0.058234088284519099
decision_type=2 2 2 2 2 2 2 2 2 2 2 2
left_child=6 2 3 -2 5 -3 8 -8 10 -9 -1 -4
right_child=1 4 11 -5 -6 -7 7 9 -10 -11 -12 -13
leaf_value=-0.00093141210847534248 -0.0033683308725093691 0.0048690389392377683 -0.027243579475161359 0.034368700233467837 0.04914348179101944 -0.012825283267255334 0.052563971521392951 -0.0018260950592036051 0.027639194025147348 0.04092435643754222 -0.01710724320728332 0.0004667861852794886
leaf_weight=235 86 430 39 171 25 346 31 300 31 22 353 20
leaf_count=235 86 430 39 171 25 346 31 300 31 22 353 20
internal_value=-2.61447e-11 0.00306082 0.0143488 0.0217407 -0.00139235 -0.00302044 -0.00351742 0.0056147 -0.00872524 0.00109474 -0.0106424 -0.0178502
internal_weight=2089 1117 316 257 801 776 972 353 619 322 588 59
internal_count=2089 1117 316 257 801 776 972 353 619 322 588 59
is_linear=0
shrinkage=0.05


Tree=34
num_leaves=13
num_cat=0
split_feature=26 5 6 17 23 15 9 19 17 19 19 24
split_gain=11.3942 17.1313 16.8271 24.4287 15.8962 14.9179 16.9544 16.818 7.76882 8.39927 22.5362 8.67278
threshold=1.5000000000000002 67.500000000000014 0.015593763415908459 0.075666507751877013 8.2710190740270235 3.5000000000000004 -0.076487883304233936 0.0084241056414328472 -0.11564829900437611 0.0088096384454321164 0.0079094042719120242 0.0010190150000000003
decision_type=2 2 2 2 2 2 2 2 2 2 2 10
left_child=8 2 4 -4 -2 7 -7 -3 -1 10 -10 -11
right_child=1 5 3 -5 -6 6 -8 -9 9 11 -12 -13
leaf_value=0.021255616317021438 -0.017821706741062159 -0.0050897153615951547 0.030824080873050809 -0.0074845638026350319 0.022220909230124493 0.010174744861037697 -0.0064683966842644354 0.050871180640212427 -0.0053589766077665303 -0.0070329257074326027 0.028347085156137982 -0.033421922091281774
leaf_weight=29 68 25 162 56 39 206 595 29 233 551 63 33
leaf_count=29 68 25 162 56 39 206 595 29 233 551 63 33
internal_value=-5.10076e-11 0.00324104 0.0130126 0.0209833 -0.00322673 -0.000473307 -0.00218814 0.0249634 -0.00420729 -0.00504641 0.00181495 -0.00852408
internal_weight=2089 1180 325 218 107 855 801 54 909 880 296 584
internal_count=2089 1180 325 218 107 855 801 54 909 880 296 584
is_linear=0
shrinkage=0.05


Tree=35
num_leaves=14
num_cat=0
split_feature=26 16 25 5 24 16 21 12 7 25 2 4 12
split_gain=10.4208 14.3092 26.8868 18.9578 23.6948 16.6231 10.9468 18.3492 20.3801 12.8939 8.75537 15.0865 10.81
threshold=3.5000000000000004 -0.050838396207945273 9.9766666666666688e-05 74.500000000000014 0.00084848500000000006 0.0058008343412021554 8.5000000000000018 -1.7573758676291342 -0.048695227777363785 0.00052422444444444468 0.38570137915458935 0.01351598173515982 -2.0340532533976075
decision_type=2 2 10 2 10 2 2 2 2 10 2 2 2
left_child=6 2 -2 4 -3 -5 7 8 -1 -9 12 -12 -8
right_child=1 3 -4 5 -6 -7 10 9 -10 -11 11 -13 -14
leaf_value=0.0048910316788772154 0.073729385648454937 0.018785717835271498 -0.0045220022555440666 -0.013968183005171032 -0.035592997353523968 0.0079159341799985069 -0.039462063169362502 -0.005495961217430817 0.044452563673257832 0.0094153397253581468 0.034951997512862799 -0.010650624883102072 -0.0060345506396792502
leaf_weight=134 21 224 23 194 22 157 51 845 43 175 21 133 46
leaf_count=134 21 224 23 194 22 157 51 845 43 175 21 133 46
internal_value=2.71436e-11 0.00530771 0.0328253 0.00327961 0.0139226 -0.00417956 -0.00234961 -0.000358851 0.014502 -0.00293765 -0.0118434 -0.00443209 -0.0236098
internal_weight=2089 641 44 597 246 351 1448 1197 177 1020 251 154 97
internal_count=2089 641 44 597 246 351 1448 1197 177 1020 251 154 97
is_linear=0
shrinkage=0.05


Tree=36
num_leaves=14
num_cat=0
split_feature=26 5 18 18 14 1 15 25 18 23 1 2 27
split_gain=9.62798 14.6936 17.5665 31.0901 22.4879 14.9919 19.5654 8.89114 11.8425 18.784 17.0263 9.55992 7.24604
threshold=1.5000000000000002 67.500000000000014 0.082201518121324937 0.12150141393057902 7.0066096139541374 0.01357037026966112 3.5000000000000004 8.7282222222222241e-05 0.071426602677020071 7.6673009956061646 0.043285049679961864 0.056912475515726833 5.5000000000000009
decision_type=2 2 2 2 2 2 2 8 2 2 2 2 2
left_child=7 2 4 -4 -2 -3 -7 11 9 -9 -10 -1 -13
right_child=1 5 3 -5 -6 6 -8 8 10 -11 -12 12 -14
leaf_value=0.017220814252893131 0.008729806856717915 0.03620403836722727 0.067698721653398339 0.011220235180727012 -0.045884007215499879 0.028989476163168344 -0.0035839237785624378 0.036818171798118519 -0.020184981255304248 0.0012663139767152322 0.014549854093668414 -0.01511052465129669 0.0062300995640132738
leaf_weight=30 184 27 34 86 21 49 779 42 126 322 49 294 46
leaf_count=30 184 27 34 86 21 49 779 42 126 322 49 294 46
internal_value=5.0155e-11 0.00297927 0.012029 0.0272225 0.00313522 -0.000460682 -0.00165627 -0.00386747 0.000229595 0.00536845 -0.0104592 -0.00983591 -0.0122233
internal_weight=2089 1180 325 120 205 855 828 909 539 364 175 370 340
internal_count=2089 1180 325 120 205 855 828 909 539 364 175 370 340
is_linear=0
shrinkage=0.05


Tree=37
num_leaves=11
num_cat=0
split_feature=4 23 26 19 17 19 19 4 11 11
split_gain=9.2604 15.8683 11.9818 22.5822 16.1755 8.8778 19.057 16.9127 7.22954 15.7069
threshold=0.55907278165503504 7.7844589022744364 2.5000000000000004 0.0085855543043252183 -0.1210678731609711 0.016838298060338406 0.026468762957453835 0.68887181738366998 1.4647656561624893 1.34069231268902
decision_type=2 2 2 2 2 2 2 2 2 2
left_child=1 -1 3 -3 -4 8 7 -7 9 -2
right_child=5 2 4 -5 -6 6 -8 -9 -10 -11
leaf_value=0.04340330534007239 -0.0092817531326608096 0.0097331946207067158 -0.027236222453189619 -0.0081182738198654191 0.0087501679309892264 -0.012165851498362967 -0.033267327078751158 0.037551877938210965 -0.031390035947163906 0.018360434109666226
leaf_weight=23 451 260 33 556 581 26 21 50 30 58
leaf_count=23 451 260 33 556 581 26 21 50 30 58
internal_value=-3.17258e-11 0.00220248 0.00153981 -0.00243031 0.00681605 -0.00503176 0.00889348 0.0205432 -0.00753779 -0.00613196
internal_weight=2089 1453 1430 816 614 636 97 76 539 509
internal_count=2089 1453 1430 816 614 636 97 76 539 509
is_linear=0
shrinkage=0.05


Tree=38
num_leaves=9
num_cat=0
split_feature=11 11 16 4 26 13 19 11
split_gain=9.02377 11.9966 12.1943 11.5907 12.601 11.0167 10.1822 9.24327
threshold=0.59873594573766342 0.70197006315993871 0.0045236826170373954 0.53137254901960795 2.5000000000000004 -3.114267332578843 0.007550642747327147 1.5053909172298072
decision_type=2 2 2 2 2 2 2 2
left_child=6 2 5 4 -3 -2 -1 -5
right_child=1 3 -4 7 -6 -7 -8 -9
leaf_value=0.048739035688340669 -0.034738279279807341 -0.0012465491006931025 -0.048012676954269411 -0.0038125109834962617 0.008580298199878612 0.0083108091593853059 0.00087465575337409987 -0.030262460793767661
leaf_weight=20 23 761 25 587 571 42 25 35
leaf_count=20 23 761 25 587 571 42 25 35
internal_value=3.65783e-11 -0.000487596 -0.018336 0.000334491 0.00296601 -0.00692195 0.0221477 -0.00530085
internal_weight=2089 2044 90 1954 1332 65 45 622
internal_count=2089 2044 90 1954 1332 65 45 622
is_linear=0
shrinkage=0.05


Tree=39
num_leaves=8
num_cat=0
split_feature=5 12 8 23 25 25 9
split_gain=8.38578 11.1445 18.432 10.7898 9.70658 12.1599 10.3433
threshold=53.000000000000007 1.6753990451331739 0.075449475042626918 8.2983930439519522 0.0016414077777777778 0.0012028738888888891 -0.078075416238069559
decision_type=2 2 2 2 10 10 2
left_child=1 -1 -3 -4 5 6 -2
right_child=4 2 3 -5 -6 -7 -8
leaf_value=-0.023456928118581088 0.0054393541383646188 0.058866449197133387 0.017759395407305822 -0.014014373170702081 -0.025961788131022141 0.030121142650023105 -0.0031495463573022668
leaf_weight=21 470 21 90 38 38 32 1379
leaf_count=21 470 21 90 38 38 32 1379
internal_value=-8.15994e-12 0.0106435 0.0154496 0.00832656 -0.000942887 -0.000437454 -0.000966321
internal_weight=2089 170 149 128 1919 1881 1849
internal_count=2089 170 149 128 1919 1881 1849
is_linear=0
shrinkage=0.05


Tree=40
num_leaves=9
num_cat=0
split_feature=11 11 16 21 20 4 11 13
split_gain=8.10338 10.7857 10.9356 10.8542 10.5066 10.4306 12.3267 8.43604
threshold=0.59873594573766342 0.70197006315993871 0.0045236826170373954 4.5000000000000009 0.2849275362318841 0.53137254901960795 0.8783214966484254 7.8076805930264745
decision_type=2 2 2 2 2 2 2 2
left_child=4 2 3 -2 -1 6 -3 -7
right_child=1 5 -4 -5 -6 7 -8 -9
leaf_value=-0.00062135440111160288 0.011761551192547712 0.013900486973966187 -0.045488921642303469 -0.029341650959746592 0.047999366782605649 -0.0063392690835187117 0.00072698734298159008 0.020838445127010347
leaf_weight=25 36 211 25 29 20 592 1121 30
leaf_count=25 36 211 25 29 20 592 1121 30
internal_value=9.10592e-12 -0.000462061 -0.0173857 -0.0065768 0.0209879 0.000317432 0.00281378 -0.00502845
internal_weight=2089 2044 90 65 45 1954 1332 622
internal_count=2089 2044 90 65 45 1954 1332 622
is_linear=0
shrinkage=0.05


Tree=41
num_leaves=15
num_cat=0
split_feature=5 16 16 20 3 8 3 16 17 26 20 3 4 2
split_gain=7.91842 23.0514 22.6695 43.397 14.2337 18.3802 15.9902 10.8404 11.5957 8.88177 7.49966 4.73692 3.27495 1.3194
threshold=74.500000000000014 -0.032768770677960461 -0.053816447289357854 0.025238095238095243 0.33208195848125072 0.23402295843730939 0.40796218378141214 -0.036369675940335348 -0.05566447839346899 3.5000000000000004 1.0000000180025095e-35 0.26231599014471302 0.21272727272727276 0.37879910217208496
decision_type=2 2 2 2 2 2 2 2 2 2 2 2 2 2
left_child=1 9 3 10 5 -3 -6 12 -9 13 -2 -5 -4 -1
right_child=2 4 7 11 6 -7 -8 8 -10 -11 -12 -13 -14 -15
leaf_value=-0.018477327672716898 -0.028810963338240982 0.0053498589584061243 -0.011151790410457623 0.042301048003137109 0.03508458949187223 -0.034925911227862039 0.0050044560541763258 0.015502073998121839 -0.0047327317217036478 0.0056621916835865706 0.0091940160840749737 0.076301555264563795 -0.036563019658206034 -0.030978682272784087
leaf_weight=39 25 508 21 20 85 30 92 76 1035 32 27 21 32 46
leaf_count=39 25 508 21 20 85 30 92 76 1035 32 27 21 32 46
internal_value=4.00014e-11 0.00378378 -0.00250446 0.0212507 0.00715042 0.003104 0.0194497 -0.00440243 -0.00334853 -0.0167901 -0.00907761 0.0597159 -0.0264944 -0.0252428
internal_weight=2089 832 1257 93 715 538 177 1164 1111 117 52 41 53 85
internal_count=2089 832 1257 93 715 538 177 1164 1111 117 52 41 53 85
is_linear=0
shrinkage=0.05


Tree=42
num_leaves=14
num_cat=0
split_feature=17 8 19 23 20 19 19 19 20 2 11 11 18
split_gain=7.78374 17.7793 25.5507 27.122 23.7312 17.637 15.4018 25.2155 13.2036 10.8087 13.9474 10.0152 6.61272
threshold=-0.0011604460548131355 0.07961260731826493 0.012103015087880843 7.8889842127347203 0.80140845070422551 0.012239800853842277 0.012999793596621364 0.013605037585747539 0.8257418909592823 1.9985684141878581 0.8762033878376575 0.76191182606699137 0.13769589680611641
decision_type=2 2 2 2 2 2 2 2 2 2 2 2 2
left_child=6 2 3 -2 5 -3 9 -8 -9 10 -1 -6 -4
right_child=1 4 12 -5 11 -7 7 8 -10 -11 -12 -13 -14
leaf_value=0.0022216938969330581 -0.0032015618326705557 0.00049560631149525732 -0.0014072036574361846 0.031221541197022851 -0.033994434717007811 0.024095287398735357 0.048131534180814228 -0.0018254981342276249 0.038304786011576657 0.022913045612060364 -0.014488305312809117 -0.0065020907100245178 -0.035006435767368033
leaf_weight=179 86 229 32 171 36 121 31 300 22 27 413 415 27
leaf_count=179 86 229 32 171 36 121 31 300 22 27 413 415 27
internal_value=1.28815e-11 0.00284709 0.0128903 0.0197025 -0.00111504 0.00865435 -0.00327181 0.0050627 0.000916323 -0.00802477 -0.00943579 -0.0086966 -0.0167831
internal_weight=2089 1117 316 257 801 350 972 353 322 619 592 451 59
internal_count=2089 1117 316 257 801 350 972 353 322 619 592 451 59
is_linear=0
shrinkage=0.05


Tree=43
num_leaves=9
num_cat=0
split_feature=11 20 11 16 21 4 10 11
split_gain=7.15335 9.48895 9.35432 9.53058 9.60054 8.86551 11.4016 8.65921
threshold=0.59873594573766342 0.2849275362318841 0.70197006315993871 0.0045236826170373954 4.5000000000000009 0.53137254901960795 0.042729219113661551 1.5053909172298072
decision_type=2 2 2 2 2 2 2 2
left_child=1 -1 3 4 -2 6 -4 -7
right_child=2 -3 5 -5 -6 7 -8 -9
leaf_value=-0.00081687277555465712 0.011142648064479647 0.04538932679221034 0.00070058949874088783 -0.042430713891983031 -0.027513997571478634 -0.0031961708314545466 0.013899700599234961 -0.028796838436807904
leaf_weight=25 36 20 1141 25 29 587 191 35
leaf_count=25 36 20 1141 25 29 587 191 35
internal_value=3.78503e-11 0.0197192 -0.000434131 -0.0161949 -0.00610416 0.000291798 0.00259325 -0.00463672
internal_weight=2089 45 2044 90 65 1954 1332 622
internal_count=2089 45 2044 90 65 1954 1332 622
is_linear=0
shrinkage=0.05


Tree=44
num_leaves=9
num_cat=0
split_feature=3 18 24 10 10 27 6 13
split_gain=7.43822 19.4983 11.6141 10.5071 14.5772 5.77351 3.62578 1.13835
threshold=0.54933362118825024 -0.18266204024368268 0.00041119000000000003 0.072670578168330321 0.042729219113661551 2.5000000000000004 -0.087270601795628386 -4.3021655796272738
decision_type=2 2 10 2 2 2 2 2
left_child=1 -1 5 4 -3 7 -7 -2
right_child=2 3 -4 -5 -6 6 -8 -9
leaf_value=0.044612155556678773 -0.023785815089941029 -0.0010242396605756351 0.022696680487133566 -0.035003456331434701 0.012545630529348274 0.0074235973181203015 -0.018626771807013189 -0.039937321934849029
leaf_weight=25 20 1699 20 21 224 22 34 24
leaf_count=25 20 1699 20 21 224 22 34 24
internal_value=-7.55e-11 0.000736551 -0.0120856 0.000172307 0.000556442 -0.019042 -0.0083927 -0.0325957
internal_weight=2089 1969 120 1944 1923 100 56 44
internal_count=2089 1969 120 1944 1923 100 56 44
is_linear=0
shrinkage=0.05


Tree=45
num_leaves=12
num_cat=0
split_feature=5 15 18 2 17 22 19 2 2 16 1
split_gain=7.05717 12.0105 17.9398 36.0354 22.7889 15.0278 15.3367 14.205 9.77215 9.76589 17.8841
threshold=60.500000000000007 5.5000000000000009 0.028718499195843353 0.38570137915458935 0.02668635637601913 1.5000000000000002 0.017688530184635759 1.9985684141878581 0.048134057753455299 -0.032768770677960461 0.043285049679961864
decision_type=2 2 2 2 2 2 2 2 2 2 2
left_child=8 2 3 -2 -4 6 -3 -7 -1 -10 -11
right_child=1 5 4 -5 -6 7 -8 -9 9 10 -12
leaf_value=0.040203482694923881 -0.034287043996885716 -0.00069216834159609544 0.0030014759319466214 0.020490077077985221 0.055781813959280648 -0.010589286483325914 0.024505581471782466 0.032281765788793569 -0.021624789149923759 0.00036796541122893094 0.027966242585960151
leaf_weight=20 51 851 43 73 39 570 65 20 33 247 77
leaf_count=20 51 851 43 73 39 570 65 20 33 247 77
internal_value=-4.91965e-11 -0.00136375 0.00995966 -0.00203922 0.0281043 -0.00291264 0.00109588 -0.00913603 0.00619294 0.00428759 0.00692682
internal_weight=2089 1712 206 124 82 1506 916 590 377 357 324
internal_count=2089 1712 206 124 82 1506 916 590 377 357 324
is_linear=0
shrinkage=0.05


Tree=46
num_leaves=10
num_cat=0
split_feature=24 25 16 4 25 23 24 24 17
split_gain=7.31407 8.29805 22.5023 16.5206 14.6794 15.7686 14.0874 13.5739 5.75627
threshold=0.0018816600000000001 0.00050492444444444459 0.0032484841203288544 0.59169213670464027 0.0002459305555555556 7.661681728184015 0.0012468200000000003 0.00034446500000000007 0.03618939439000269
decision_type=10 10 2 2 10 2 10 10 2
left_child=1 4 6 -4 7 -6 -3 -1 -2
right_child=8 2 3 -5 5 -7 -8 -9 -10
leaf_value=0.00019144875097007661 -0.039779445976018908 0.0018096963351126761 0.036738701838822593 -0.0054792528040707115 0.028759604990482329 -0.018000334357242281 -0.043746634253766389 0.031677794392619814 -0.0046584210225514002
leaf_weight=1555 20 112 84 32 20 183 20 35 28
leaf_count=1555 20 112 84 32 20 183 20 35 28
internal_value=-7.19446e-12 0.000453711 0.00902608 0.0250924 -0.000731982 -0.0133934 -0.00509278 0.000884544 -0.0192922
internal_weight=2089 2041 248 116 1793 203 132 1590 48
internal_count=2089 2041 248 116 1793 203 132 1590 48
is_linear=0
shrinkage=0.05


Tree=47
num_leaves=16
num_cat=0
split_feature=8 13 1 11 19 10 8 2 18 13 27 20 6 14 1
split_gain=6.70685 14.8324 15.8697 20.9103 17.8707 14.6658 22.1798 47.1952 16.6414 19.8468 11.5265 6.16298 5.29515 5.61004 3.25587
threshold=0.18425457437845594 3.6690554222273053 0.034272978519366441 1.4349805419465078 0.0085855543043252183 0.034205103364405867 -0.20272864396578946 0.22442440502156946 0.18123523862572458 6.306319800261833 2.5000000000000004 0.96393762183235876 0.066378086813163664 5.1190366385202486 0.061427683638831491
decision_type=2 2 2 2 2 2 2 2 2 2 2 2 2 2 2
left_child=5 12 3 -3 -4 8 10 -8 9 -1 -7 -10 13 -2 -14
right_child=1 2 4 -5 -6 6 7 -9 11 -11 -12 -13 14 -15 -16
leaf_value=-0.00012430839573669361 -0.028570114907675553 -0.043619316172870723 0.024787534952163695 0.015210505412972492 -0.0026736520085457374 -0.03097697061232545 0.06803946994795379 0.0063528238272383105 -0.037588602648331575 0.038048143386840823 0.009173905377825484 -0.0061615922130071202 -0.046434077013421948 0.008431475274264813 -0.019817305263131857
leaf_weight=1256 21 44 75 23 282 33 44 105 39 35 39 26 27 20 20
leaf_count=1256 21 44 75 23 282 33 44 105 39 35 39 26 27 20 20
internal_value=5.14423e-11 -0.00497211 -0.00109508 -0.023424 0.0030955 0.00161428 0.013558 0.024569 -0.000332303 0.000910576 -0.00922858 -0.0250178 -0.0236524 -0.0105206 -0.0351078
internal_weight=2089 512 424 67 357 1577 221 149 1356 1291 72 65 88 41 47
internal_count=2089 512 424 67 357 1577 221 149 1356 1291 72 65 88 41 47
is_linear=0
shrinkage=0.05


Tree=48
num_leaves=12
num_cat=0
split_feature=26 11 4 4 1 25 18 3 10 2 11
split_gain=6.84092 13.5012 10.9832 17.8929 17.5139 8.05862 10.8854 18.0698 17.9103 8.29873 7.05455
threshold=1.5000000000000002 0.59873594573766342 0.56125000000000014 0.6150000000000001 0.01357037026966112 8.7282222222222241e-05 0.071426602677020071 0.35035577606940932 0.054654528956954392 0.056912475515726833 0.85220549610040586
decision_type=2 2 2 2 2 8 2 2 2 2 2
left_child=5 -2 4 -4 -3 9 8 -8 -7 -1 -11
right_child=1 2 3 -5 -6 6 7 -9 -10 10 -12
leaf_value=0.016266760850946107 0.036816714650818282 0.040514195783797544 -0.032264408827931794 -0.0008832098469235836 0.0033252586441745789 0.0086434463099659201 -0.019343031515018084 0.016907323896884919 -0.034421807527542113 0.0036476391955063896 -0.014667964462402532
leaf_weight=30 28 33 54 286 779 338 128 47 26 65 275
leaf_count=30 28 33 54 286 779 338 128 47 26 65 275
internal_value=2.60082e-11 0.0025113 0.00167749 -0.00586728 0.00483663 -0.00326 0.000640546 -0.00960722 0.00556736 -0.00894214 -0.0111665
internal_weight=2089 1180 1152 340 812 909 539 175 364 370 340
internal_count=2089 1180 1152 340 812 909 539 175 364 370 340
is_linear=0
shrinkage=0.05


Tree=49
num_leaves=12
num_cat=0
split_feature=3 16 16 11 11 5 5 24 22 6 6
split_gain=6.79839 15.7767 17.6284 16.556 16.5859 15.638 13.5514 10.1394 4.76102 2.5655 2.25039
threshold=0.54933362118825024 -0.053816447289357854 -0.033389602164036518 1.0812529414956831 1.3696318870710409 74.500000000000014 74.500000000000014 0.00041119000000000003 1.5000000000000002 0.063864335307000933 -0.075083935804890492
decision_type=2 2 2 2 2 2 2 10 2 2 2
left_child=1 3 9 6 -5 -4 -1 8 -2 -3 -10
right_child=7 2 5 4 -6 -7 -8 -9 10 -11 -12
leaf_value=-0.031032401825422828 -0.0041183544616950193 -0.022927696516172606 0.0066109335523309226 0.052787705841050907 -0.0021270166104659437 -0.0030615826149913011 0.019979900897790989 0.020944915404543282 -0.015006356935948135 -0.0032066754251718526 -0.034425236284732819
leaf_weight=23 38 94 699 44 20 1039 30 20 25 20 37
leaf_count=23 38 94 699 44 20 1039 30 20 25 20 37
internal_value=-3.95221e-11 0.00070416 -0.000420777 0.0185109 0.0356269 0.000828572 -0.00215751 -0.0115541 -0.0180539 -0.0194679 -0.026595
internal_weight=2089 1969 1852 117 64 1738 53 120 100 114 62
internal_count=2089 1969 1852 117 64 1738 53 120 100 114 62
is_linear=0
shrinkage=0.05


Tree=50
num_leaves=10
num_cat=0
split_feature=24 25 16 24 25 23 24 25 25
split_gain=6.45351 7.44291 19.7568 14.6106 13.0854 14.2389 12.6246 11.9623 4.491
threshold=0.0018816600000000001 0.00050492444444444459 0.0032484841203288544 0.00050720500000000016 0.0002459305555555556 7.661681728184015 0.0012468200000000003 0.00010358944444444446 0.0015625755555555558
decision_type=10 10 2 10 10 2 10 10 10
left_child=1 4 6 -4 7 -6 -3 -1 -2
right_child=8 2 3 -5 5 -7 -8 -9 -10
leaf_value=-0.0012145505007906717 -0.00077997123201688136 0.0018495794797282934 0.051741251778421982 0.012410117272871087 0.027405309379100802 -0.017028797158330191 -0.041276653311215342 0.010031198361521157 -0.031609774684464492
leaf_weight=1301 21 112 33 83 20 183 20 289 27
leaf_count=1301 21 112 33 83 20 183 20 289 27
internal_value=-9.34833e-13 0.000426185 0.00854484 0.0235991 -0.000696753 -0.0126511 -0.0046847 0.000829488 -0.0181217
internal_weight=2089 2041 248 116 1793 203 132 1590 48
internal_count=2089 2041 248 116 1793 203 132 1590 48
is_linear=0
shrinkage=0.05


Tree=51
num_leaves=15
num_cat=0
split_feature=26 15 14 9 8 22 23 17 25 21 25 21 2 24
split_gain=6.22634 11.5271 20.3009 25.709 20.2477 12.3987 21.6678 10.754 7.12076 10.1507 16.5663 10.4282 7.55305 6.67018
threshold=1.5000000000000002 8.5000000000000018 4.9220321631026405 0.1997700192521242 0.038175631782585213 1.5000000000000002 9.0886698138238362 -0.00060162908438954321 8.7282222222222241e-05 3.5000000000000004 0.0002459305555555556 28.500000000000004 0.056912475515726833 -0.00011145499999999998
decision_type=2 2 2 2 2 2 2 2 8 2 10 2 2 10
left_child=8 2 4 -4 -2 6 -3 -7 12 10 -10 -11 -1 -14
right_child=1 5 3 -5 -6 7 -8 -9 9 11 -12 -13 13 -15
leaf_value=0.015598288973172506 0.062867894795753304 0.0016395976015515978 -0.012198806924945009 0.03328278055197971 0.014329129281852926 0.00083967014063210778 0.0393677599546386 -0.0166262857292724 0.016144804476381659 -0.01107459553750232 -0.0077264970183865099 0.021428108448162675 0.0021559315745400477 -0.014426358563020839
leaf_weight=30 31 530 112 43 70 183 41 170 182 208 121 28 79 261
leaf_count=30 31 530 112 43 70 183 41 170 182 208 121 28 79 261
internal_value=2.11208e-11 0.00239584 0.0117845 0.000418666 0.0292272 -0.000205351 0.00434863 -0.0075717 -0.00311011 0.000556437 0.00661204 -0.00721834 -0.00845138 -0.0105734
internal_weight=2089 1180 256 155 101 924 571 353 909 539 303 236 370 340
internal_count=2089 1180 256 155 101 924 571 353 909 539 303 236 370 340
is_linear=0
shrinkage=0.05


Tree=52
num_leaves=9
num_cat=0
split_feature=3 18 10 10 24 27 27 19
split_gain=5.99239 16.3892 9.64925 11.0508 9.13687 4.52506 3.30803 1.09917
threshold=0.54933362118825024 -0.18266204024368268 0.072670578168330321 0.042729219113661551 0.00040834000000000004 2.5000000000000004 3.5000000000000004 0.013924785070620867
decision_type=2 2 2 2 8 2 2 2
left_child=1 -1 3 -3 5 7 -7 -2
right_child=4 2 -4 -5 -6 6 -8 -9
leaf_value=0.040886873424053199 -0.020746375735671747 -0.00086436091235893926 -0.033565413313252586 0.010950721298494111 0.020002978025004267 0.0064425232684394975 -0.018114060506923126 -0.036568122130373248
leaf_weight=25 21 1699 21 224 20 24 32 23
leaf_count=25 21 1699 21 224 20 24 32 23
internal_value=9.60329e-12 0.000661102 0.000143796 0.000511915 -0.0108476 -0.0170177 -0.00758981 -0.0290168
internal_weight=2089 1969 1944 1923 120 100 56 44
internal_count=2089 1969 1944 1923 120 100 56 44
is_linear=0
shrinkage=0.05


Tree=53
num_leaves=14
num_cat=0
split_feature=5 17 8 23 9 9 17 17 21 19 16 7 6
split_gain=6.4757 8.97334 18.3458 15.0648 8.60558 13.7707 15.8506 12.6541 13.7934 11.0118 8.5386 7.33426 11.1291
threshold=57.500000000000007 0.004103263237347222 0.062052007944934935 8.1741811700482163 -0.078075416238069559 -0.11692537128022161 -0.017100649736569547 -0.020637655136896523 18.500000000000004 0.010737029725902776 -0.081490810775343356 0.089929462429652843 -0.031009599427972098
decision_type=2 2 2 2 2 2 2 2 2 2 2 2 2
left_child=1 11 -3 -4 5 10 -7 9 -9 -6 -2 12 -1
right_child=4 2 3 -5 7 6 -8 8 -10 -11 -12 -13 -14
leaf_value=0.012143296571004958 -0.017741456212846701 0.053033343434333802 0.019562994970046745 -0.011200996502233086 -0.025244071607098535 0.03647999903487583 -0.0094197668411113607 0.00014511667679498031 -0.034220079667866235 -0.00402735760171257 0.0038292212381989496 0.017438719203081831 -0.033898273787594267
leaf_weight=21 54 25 98 67 108 62 27 1094 30 141 305 22 35
leaf_count=21 54 25 98 67 108 62 27 1094 30 141 305 22 35
internal_value=-1.35255e-11 0.00725657 0.0131186 0.00707095 -0.00106796 0.00494933 0.0225554 -0.00303136 -0.000772104 -0.0132298 0.000584607 -0.0070228 -0.0166327
internal_weight=2089 268 190 165 1821 448 89 1373 1124 249 359 78 56
internal_count=2089 268 190 165 1821 448 89 1373 1124 249 359 78 56
is_linear=0
shrinkage=0.05


Tree=54
num_leaves=11
num_cat=0
split_feature=8 7 13 13 14 23 4 8 25 9
split_gain=6.14219 14.5162 13.4692 12.5858 14.6583 11.4186 13.8849 9.42883 5.02384 4.61257
threshold=0.18425457437845594 0.21020157770609357 3.6690554222273053 7.0609592762877726 6.3663584650568872 8.4953465453216079 0.21272727272727276 0.30021296908734912 0.00033487388888888889 0.28959703470151782
decision_type=2 2 2 2 2 2 2 2 8 2
left_child=1 3 8 4 -1 6 -4 -7 9 -2
right_child=2 -3 5 -5 -6 7 -8 -9 -10 -11
leaf_value=0.0021653749582643315 -0.024691619839933183 0.043871139660477641 0.035366053134202956 0.036929029940317076 -0.013405429529683556 -0.0061121379991747301 -0.0002327513180318333 -0.042873188853263855 -0.043251553958874533 0.0036874201326143178
leaf_weight=1363 45 20 30 24 170 53 315 26 22 21
leaf_count=1363 45 20 30 24 170 53 315 26 22 21
internal_value=3.56288e-12 0.00154483 -0.00475821 0.00100114 0.000438671 -0.00106364 0.0028628 -0.0182107 -0.0225593 -0.0156619
internal_weight=2089 1577 512 1557 1533 424 345 79 88 66
internal_count=2089 1577 512 1557 1533 424 345 79 88 66
is_linear=0
shrinkage=0.05


Tree=55
num_leaves=15
num_cat=0
split_feature=17 22 13 9 9 9 1 10 26 10 20 26 4 25
split_gain=6.12735 16.3313 26.6009 15.1724 13.2749 19.0501 16.044 14.5013 12.8524 10.6204 12.5061 10.3966 8.97342 8.57728
threshold=-0.0011604460548131355 1.5000000000000002 -3.326681485431799 0.72684014924956053 -0.078075416238069559 -0.11349888688713604 0.038449394523620464 0.055791508127657326 4.5000000000000009 0.01650372719101361 0.707878787878788 2.5000000000000004 0.64203389830508484 9.5666111111111145e-05
decision_type=2 2 2 2 2 2 2 2 2 2 2 2 2 10
left_child=4 2 -2 -4 5 8 13 -8 -1 10 -3 -7 -11 -6
right_child=1 9 3 -5 6 11 7 -9 -10 12 -12 -13 -14 -15
leaf_value=-0.0048861317066323075 0.064096212685108192 -0.026686070412397386 0.0041313118518148785 0.044616960361599928 -0.008235050456610736 0.010414134444934983 0.0065978370240081172 -0.022867170907557011 0.023202799046610267 -0.004611814099477942 0.01735887191600604 0.048243756033480169 -0.023466824735839702 -0.025719232080177269
leaf_weight=305 20 20 647 24 151 42 212 52 47 237 83 32 86 131
leaf_count=305 20 20 647 24 151 42 212 52 47 237 83 32 86 131
internal_value=-3.4802e-11 0.00252606 0.00727307 0.00557938 -0.00290289 0.00371234 -0.00806422 0.000794123 -0.00113562 -0.0051739 0.00880646 0.0267729 -0.00963203 -0.0163571
internal_weight=2089 1117 691 671 972 426 546 264 352 426 103 74 323 282
internal_count=2089 1117 691 671 972 426 546 264 352 426 103 74 323 282
is_linear=0
shrinkage=0.05


Tree=56
num_leaves=10
num_cat=0
split_feature=24 5 20 16 16 9 20 18 2
split_gain=6.01376 6.43056 9.17952 18.5216 9.57536 7.49298 30.6154 12.7903 3.89962
threshold=0.0018816600000000001 57.500000000000007 0.67207792207792216 0.022470941308994522 -0.0066362468512313191 0.57485068452990895 0.54833333333333345 0.18123523862572458 0.27461598972948958
decision_type=10 2 2 2 2 2 2 2 2
left_child=1 2 4 -4 -1 7 -7 -3 -2
right_child=8 5 3 -5 -6 6 -8 -9 -10
leaf_value=0.0083394333790495715 -0.00063082147389650347 -0.00046449429593847108 0.028038142570385744 -0.0059550137343731798 -0.025076489936974311 -0.013973134787792855 0.045147711547409618 -0.021720557649796076 -0.029538125278694288
leaf_weight=53 20 1622 102 66 36 47 41 74 28
leaf_count=53 20 1622 102 66 36 47 41 74 28
internal_value=-6.9838e-11 0.000411408 0.00780582 0.0146837 -0.00517712 -0.000653818 0.0135718 -0.00139194 -0.0174934
internal_weight=2089 2041 257 168 89 1784 88 1696 48
internal_count=2089 2041 257 168 89 1784 88 1696 48
is_linear=0
shrinkage=0.05


Tree=57
num_leaves=9
num_cat=0
split_feature=11 19 11 16 13 4 14 19
split_gain=5.7076 8.96059 7.68662 8.69182 8.61689 7.41517 9.73659 7.55252
threshold=0.59873594573766342 0.007550642747327147 0.70197006315993871 0.0045236826170373954 -3.114267332578843 0.57128205128205145 7.0066096139541374 0.016838298060338406
decision_type=2 2 2 2 2 2 2 2
left_child=1 -1 3 4 -2 6 -4 -7
right_child=2 -3 5 -5 -6 7 -8 -9
leaf_value=0.042559358254075058 -0.029639038119627082 -0.0023420151472091674 0.0040887380432395237 -0.039729486703872684 0.0084336270777774711 -0.0071694696010647617 -0.0071505779009393023 0.0084308344490265346
leaf_weight=20 23 25 1162 25 42 468 231 93
leaf_count=20 23 25 1162 25 42 468 231 93
internal_value=1.00087e-11 0.0176142 -0.000387787 -0.0146747 -0.00503824 0.000270259 0.00222493 -0.00458332
internal_weight=2089 45 2044 90 65 1954 1393 561
internal_count=2089 45 2044 90 65 1954 1393 561
is_linear=0
shrinkage=0.05


Tree=58
num_leaves=15
num_cat=0
split_feature=17 22 19 20 1 14 20 11 2 1 1 7 9 19
split_gain=5.60199 15.615 14.62 26.2252 21.3591 19.2533 21.626 18.3467 11.1034 13.0227 9.04839 6.03353 9.80033 1.76289
threshold=-0.0041342634698713345 1.0000000180025095e-35 0.0099520665164909688 0.82679487179487188 0.045192369800570009 3.6188676821121248 0.89780477408354653 0.95135036145168506 1.8283385517600421 0.033060075447115846 0.01745419751549402 0.089201262135204976 0.40658191706534613 0.0067768586156941495
decision_type=2 2 2 2 2 2 2 2 2 2 2 2 2 2
left_child=1 11 5 4 -4 7 -7 -2 9 -3 -5 13 -13 -1
right_child=2 8 3 10 -6 6 -8 -9 -10 -11 -12 12 -14 -15
leaf_value=-0.041905399084091188 0.014544892318546774 -0.010829374653187897 0.021515329580511645 0.013760217904083192 -0.0082195270571459849 -0.0025677672481441288 0.019837319296873681 0.06772811571136117 0.025968527347829781 0.0029795050418177276 -0.014538971953527453 0.0062907008215402948 -0.033339655857819776 -0.023787385790512483
leaf_weight=25 50 259 146 31 103 343 157 24 38 501 318 39 26 29
leaf_count=25 50 259 146 31 103 343 157 24 38 501 318 39 26 29
internal_value=3.28933e-12 -0.00292719 0.0022903 -0.00318094 0.00921537 0.0079903 0.00446743 0.0317935 -0.000407609 -0.00172642 -0.0120253 -0.0198232 -0.00956144 -0.0321754
internal_weight=2089 917 1172 598 249 574 500 74 798 760 349 119 65 54
internal_count=2089 917 1172 598 249 574 500 74 798 760 349 119 65 54
is_linear=0
shrinkage=0.05


Tree=59
num_leaves=8
num_cat=0
split_feature=13 7 24 6 18 16 24
split_gain=5.4761 7.88716 17.1855 20.5622 12.8519 10.3301 10.0379
threshold=9.993963869656568 0.21020157770609357 0.00041755000000000004 0.067622748203658115 0.18123523862572458 0.052655679206279345 0.00046927000000000009
decision_type=2 2 10 2 2 2 10
left_child=1 4 3 -3 5 -1 -6
right_child=-2 2 -4 -5 6 -7 -8
leaf_value=0.0012439710168206867 -0.023746016994118692 0.040149777023880569 0.041994557625481065 -0.0097307197834280417 -0.0051833096988402405 -0.018485936649697093 -0.034703553548973538
leaf_weight=1723 24 27 35 88 77 69 46
leaf_count=1723 24 27 35 88 77 69 46
internal_value=-6.18355e-11 0.000275983 0.011317 0.00198035 -0.000588849 0.000484281 -0.0162234
internal_weight=2089 2065 150 115 1915 1792 123
internal_count=2089 2065 150 115 1915 1792 123
is_linear=0
shrinkage=0.05


Tree=60
num_leaves=14
num_cat=0
split_feature=14 16 16 3 7 16 16 15 6 17 7 16 8
split_gain=5.41718 14.3314 22.5112 17.7341 15.9937 13.895 20.1706 14.2745 12.2804 12.0394 12.9862 6.84596 2.20944
threshold=5.7921368545377208 0.052655679206279345 -0.0034264606270975047 0.34644810118778524 -0.02412597521638082 0.043223799633014266 -0.0020469060087258124 5.5000000000000009 0.029648271694054876 0.10192686745389958 0.18508261533381745 0.073904185583118412 0.081284663757612577
decision_type=2 2 2 2 2 2 2 2 2 2 2 2 2
left_child=1 2 4 -4 -1 6 7 -2 -8 10 -7 12 -3
right_child=5 11 3 -5 -6 9 8 -9 -10 -11 -12 -13 -14
leaf_value=0.0024239402683767122 0.044141222926832382 -0.042264117097312759 0.0060580649638628274 0.028616004698694898 -0.013393612718954681 0.0062938235361467715 0.002283203665336425 0.0010454696971939597 -0.019264226990814946 -0.0058366436191967554 0.060620689866217707 0.0012398632404466089 -0.02091813275969967
leaf_weight=443 21 22 537 104 250 22 88 226 266 35 22 26 27
leaf_count=443 21 22 537 104 250 22 88 226 266 35 22 26 27
internal_value=7.71718e-11 0.00176883 0.0029645 0.00971801 -0.00328225 -0.00366512 -0.00625644 0.00470948 -0.0139078 0.0160486 0.0334573 -0.0194982 -0.030502
internal_weight=2089 1409 1334 641 693 680 601 247 354 79 44 75 49
internal_count=2089 1409 1334 641 693 680 601 247 354 79 44 75 49
is_linear=0
shrinkage=0.05


Tree=61
num_leaves=15
num_cat=0
split_feature=17 22 13 15 18 21 18 8 19 19 18 6 18 5
split_gain=5.60058 14.3498 23.3146 19.6038 26.7039 15.2764 11.6498 11.6066 9.95564 8.75203 30.2687 17.244 7.44845 2.05075
threshold=-0.0011604460548131355 1.5000000000000002 -3.326681485431799 7.5000000000000009 0.082201518121324937 18.500000000000004 0.053325744827562367 0.10306677459234338 0.0055242533312890351 0.010247600504743852 -0.0154399876318676 0.07248660289958965 0.10249299116034295 74.500000000000014
decision_type=2 2 2 2 2 2 2 2 2 2 2 2 2 2
left_child=6 2 -2 4 -3 -4 9 13 -5 10 -1 -11 -9 -8
right_child=1 3 5 8 -6 -7 7 12 -10 11 -12 -13 -14 -15
leaf_value=-0.021611081258453735 0.060062244329601527 -0.00071210857117321434 0.0066681527242764757 0.012917389995173403 0.05661790505982936 -0.035696911371567032 -0.043613248070081073 -0.013149558296126705 -0.014362361325505175 0.0083982817188524555 0.0067849094642532214 -0.019475997600417874 0.019179784417152405 -0.024944099573124396
leaf_weight=171 20 82 649 38 27 22 24 62 279 379 208 65 25 38
leaf_count=171 20 82 649 38 27 22 24 62 279 379 208 65 25 38
internal_value=-2.02738e-11 0.00241504 0.00686475 -0.00480269 0.0134889 0.00527913 -0.00277531 -0.0156401 -0.0110922 -0.000446203 -0.006027 0.00431759 -0.00385952 -0.0321709
internal_weight=2089 1117 691 426 109 671 972 149 317 823 379 444 87 62
internal_count=2089 1117 691 426 109 671 972 149 317 823 379 444 87 62
is_linear=0
shrinkage=0.05


Tree=62
num_leaves=9
num_cat=0
split_feature=3 18 16 5 16 18 6 7
split_gain=5.59084 14.2282 8.15923 8.11433 20.814 20.0686 3.39535 3.74981
threshold=0.54933362118825024 -0.18266204024368268 0.0045236826170373954 74.500000000000014 -0.053816447289357854 -0.057088684398337357 -0.087270601795628386 -0.076468394592067834
decision_type=2 2 2 2 2 2 2 2
left_child=1 -1 6 5 -5 -3 -2 -8
right_child=2 3 -4 4 -6 -7 7 -9
leaf_value=0.038118561774492271 -0.0022350580264658979 -0.01710359419467954 0.018675546571612359 0.026680974301817862 -0.0040524753411228381 0.0070763044667673178 -0.033912446605307719 -0.010767545237072879
leaf_weight=25 30 98 20 58 1098 690 35 35
leaf_count=25 30 98 20 58 1098 690 35 35
internal_value=-2.08422e-11 0.000638568 -0.0104778 0.000156572 -0.00251049 0.00406916 -0.0163085 -0.02234
internal_weight=2089 1969 120 1944 1156 788 100 70
internal_count=2089 1969 120 1944 1156 788 100 70
is_linear=0
shrinkage=0.05


Tree=63
num_leaves=9
num_cat=0
split_feature=15 5 25 25 5 11 25 20
split_gain=5.26513 6.03509 8.08942 18.687 13.3703 7.25047 10.9247 5.05398
threshold=1.5000000000000002 57.500000000000007 9.4166111111111122e-05 7.3706111111111118e-05 49.500000000000007 1.5451583260551651 0.0016414077777777778 0.24818840579710147
decision_type=2 2 8 10 2 2 10 2
left_child=-1 2 3 -2 -4 6 -3 -7
right_child=1 5 4 -5 -6 7 -8 -9
leaf_value=0.025531166046857835 0.0061567602297291166 -0.00019434153181167537 0.011986173207405956 0.053738330820432084 -0.019090897296784357 -0.0019854536838829519 -0.027654201718601019 -0.035417591207302535
leaf_weight=20 100 1719 80 26 61 20 37 26
leaf_count=20 100 1719 80 26 61 20 37 26
internal_value=3.10627e-11 -0.000246797 0.00676862 0.0159752 -0.00145852 -0.00128626 -0.000772938 -0.0208819
internal_weight=2089 2069 267 126 141 1802 1756 46
internal_count=2089 2069 267 126 141 1802 1756 46
is_linear=0
shrinkage=0.05


Tree=64
num_leaves=14
num_cat=0
split_feature=10 23 18 8 2 19 10 12 17 18 7 5 23
split_gain=5.03754 17.9614 15.0372 13.522 22.1117 19.5796 12.7515 12.7752 12.7601 22.5232 17.4662 8.56043 7.45629
threshold=0.034205103364405867 8.4165207425532476 -0.19303225588470327 0.18425457437845594 0.47631991769493559 0.0085855543043252183 0.02180803540721685 -3.2274604169129764 0.012943538075600005 0.16882373167468859 -0.059474681031484337 66.500000000000014 8.9335522597334585
decision_type=2 2 2 2 2 2 2 2 2 2 2 2 2
left_child=6 3 -3 4 -2 -5 8 -8 10 -10 -1 -9 -4
right_child=1 2 12 5 -6 -7 7 11 9 -11 -12 -13 -14
leaf_value=0.013969689455971254 0.036958415103092626 0.023827769758139293 -0.028759993476744156 0.029718733677324263 -0.0019352724565373314 -0.0040760995292138044 0.02892579492375565 0.0033661471709372504 0.012865518458858534 -0.023868791441968146 -0.0085259016520305448 -0.011246360950789663 0.002718598321080208
leaf_weight=113 89 23 76 53 62 224 24 126 372 47 365 490 25
leaf_count=113 89 23 76 53 62 224 24 126 372 47 365 490 25
internal_value=1.47121e-11 0.00409711 -0.0126593 0.00895177 0.0209888 0.00239006 -0.00147144 -0.00686307 0.00237543 0.00874496 -0.00320791 -0.00825744 -0.0209683
internal_weight=2089 552 124 428 151 277 1537 640 897 419 478 616 101
internal_count=2089 552 124 428 151 277 1537 640 897 419 478 616 101
is_linear=0
shrinkage=0.05


Tree=65
num_leaves=8
num_cat=0
split_feature=3 18 9 7 24 2 2
split_gain=5.37503 12.4685 7.62599 8.9188 7.43622 3.96976 1.93484
threshold=0.54933362118825024 -0.18266204024368268 0.72684014924956053 0.28649860395956112 0.00041119000000000003 0.47324023170437807 0.15109783261097484
decision_type=2 2 2 2 10 2 2
left_child=1 -1 3 -3 5 6 -2
right_child=4 2 -4 -5 -6 -7 -8
leaf_value=0.035712068080902097 -0.014460570207687424 0.0003063967628776467 0.025188759366671244 -0.022468007203530184 0.017558136610314252 -0.0016450680425447045 -0.031456068293614824
leaf_weight=25 34 1870 30 44 20 33 33
leaf_count=25 34 1870 30 44 20 33 33
internal_value=-1.97701e-11 0.000626122 0.000174914 -0.000217153 -0.0102736 -0.01584 -0.0228315
internal_weight=2089 1969 1944 1914 120 100 67
internal_count=2089 1969 1944 1914 120 100 67
is_linear=0
shrinkage=0.05


Tree=66
num_leaves=12
num_cat=0
split_feature=4 3 3 7 20 1 16 10 13 10 27
split_gain=4.95621 8.96817 14.4589 14.245 13.3033 7.51046 16.4574 14.1575 13.3983 6.28736 2.55321
threshold=0.45393939393939398 0.54933362118825024 0.43052800678136521 0.038132350707423428 0.41301587301587306 0.065285493779016365 0.0045236826170373954 0.058965920784776499 7.8076805930264745 0.051162412072126358 2.5000000000000004
decision_type=2 2 2 2 2 2 2 2 2 2 2
left_child=1 2 3 -1 -4 7 -7 8 -2 10 -3
right_child=5 9 4 -5 -6 6 -8 -9 -10 -11 -12
leaf_value=0.0084218332463602899 -0.0041006168545381213 -0.036031773746013643 0.0048410022221505649 -0.0031442927940064994 0.043264173825339577 -0.0073121865159801909 0.050863194167613979 -0.035853038333794655 0.033894759416580204 0.0059946641735732558 -0.013856787089672355
leaf_weight=440 698 25 50 674 41 31 20 34 24 25 27
leaf_count=440 698 25 50 674 41 31 20 34 24 25 27
internal_value=-3.83407e-12 0.00193227 0.00298941 0.00142402 0.0221525 -0.00306961 0.0155017 -0.00432243 -0.00283761 -0.0146112 -0.0245178
internal_weight=2089 1282 1205 1114 91 807 51 756 722 77 52
internal_count=2089 1282 1205 1114 91 807 51 756 722 77 52
is_linear=0
shrinkage=0.05


Tree=67
num_leaves=9
num_cat=0
split_feature=11 20 11 16 9 11 11 27
split_gain=4.96487 7.47516 6.71307 11.2198 9.9449 7.9052 15.5233 8.97015
threshold=0.59873594573766342 0.2849275362318841 0.72430526367472969 0.0036000965251243859 -0.11349888688713604 0.8783214966484254 0.86865210086590039 2.5000000000000004
decision_type=2 2 2 2 2 2 2 2
left_child=1 -1 3 4 -2 6 -4 -7
right_child=2 -3 5 -5 -6 7 -8 -9
leaf_value=-0.0017990108132362366 -0.023092846973150068 0.03921210896223784 0.0042320044933714801 -0.035690207949706489 0.012414815345760055 -0.0057752962026449235 0.043994764790490824 0.0018721482140917206
leaf_weight=25 33 20 270 35 49 617 27 1013
leaf_count=25 33 20 270 35 49 617 27 1013
internal_value=-5.79708e-11 0.0164282 -0.000361677 -0.0119906 -0.00187485 0.000344384 0.0078468 -0.00102262
internal_weight=2089 45 2044 117 82 1927 297 1630
internal_count=2089 45 2044 117 82 1927 297 1630
is_linear=0
shrinkage=0.05


Tree=68
num_leaves=9
num_cat=0
split_feature=21 2 12 2 6 10 20 16
split_gain=4.93322 5.50777 15.6272 18.177 12.8709 15.2811 9.50144 9.49062
threshold=47.500000000000007 0.85854229897894629 3.3253340255627157 0.91202629976949778 0.082549711875698498 0.032271984843436137 0.91240409207161133 -0.0024165097666841713
decision_type=2 2 2 2 2 2 2 2
left_child=1 4 3 -3 5 -1 -6 -4
right_child=-2 2 7 -5 6 -7 -8 -9
leaf_value=-0.0023283081877272186 -0.01809480809984175 0.054712262291174679 0.012581454310566188 0.0099075812871784116 -0.021907343401107938 0.01104394433540151 0.014034210687333888 -0.0068542408379146371
leaf_weight=1120 37 26 84 175 112 264 22 249
leaf_count=1120 37 26 84 175 112 264 22 249
internal_value=7.04012e-11 0.000326271 0.00469379 0.0157032 -0.00121013 0.000222468 -0.0160065 -0.00195154
internal_weight=2089 2052 534 201 1518 1384 134 333
internal_count=2089 2052 534 201 1518 1384 134 333
is_linear=0
shrinkage=0.05


Tree=69
num_leaves=10
num_cat=0
split_feature=24 25 16 4 25 23 24 24 25
split_gain=4.89604 6.07951 15.9215 14.7644 10.48 12.849 10.8776 10.2005 3.50029
threshold=0.0018816600000000001 0.00050492444444444459 0.0032484841203288544 0.59169213670464027 0.0002459305555555556 7.661681728184015 0.00034446500000000007 0.0012468200000000003 0.0015625755555555558
decision_type=10 10 2 2 10 2 10 10 10
left_child=1 4 7 -4 6 -6 -1 -3 -2
right_child=8 2 3 -5 5 -7 -8 -9 -10
leaf_value=0.000101746202314009 -0.00047431041020900015 0.0017060279388845499 0.03223294335905285 -0.0076780679635703565 0.026709236055612564 -0.015500493152728662 0.028287938045603891 -0.037059397771954543 -0.027691980879063962
leaf_weight=1555 21 112 84 32 20 183 35 20 27
leaf_count=1555 21 112 84 32 20 183 35 20 27
internal_value=-5.31114e-11 0.000371212 0.00770869 0.021223 -0.000643677 -0.0113419 0.000722197 -0.00416752 -0.0157843
internal_weight=2089 2041 248 116 1793 203 1590 132 48
internal_count=2089 2041 248 116 1793 203 1590 132 48
is_linear=0
shrinkage=0.05


Tree=70
num_leaves=5
num_cat=0
split_feature=15 23 4 12
split_gain=5.0286 5.42103 10.4584 7.0184
threshold=1.5000000000000002 10.064966816161292 1.0000000180025095e-35 3.5667547957075203
decision_type=2 2 2 2
left_child=-1 2 -2 -4
right_child=1 -3 3 -5
leaf_value=0.02495110422372818 0.029397736340761184 -0.019751859666513549 0.0011519449689474544 -0.006196429469969636
leaf_weight=20 30 35 1596 408
leaf_count=20 30 35 1596 408
internal_value=1.58267e-11 -0.00024119 9.45393e-05 -0.000344131
internal_weight=2089 2069 2034 2004
internal_count=2089 2069 2034 2004
is_linear=0
shrinkage=0.05


Tree=71
num_leaves=11
num_cat=0
split_feature=17 13 22 22 21 10 2 1 1 24
split_gain=4.89889 13.5217 11.9798 11.7044 14.3124 12.2844 10.3165 11.2314 5.87761 5.68024
threshold=-0.0041342634698713345 -4.2041060851081573 1.0000000180025095e-35 1.0000000180025095e-35 18.500000000000004 0.013470321536763859 1.8283385517600421 0.032748057152657474 0.042831368395591977 0.00028864500000000008
decision_type=2 2 2 2 2 2 2 2 2 10
left_child=2 -2 8 4 -3 -5 7 -4 9 -1
right_child=1 3 6 5 -6 -7 -8 -9 -10 -11
leaf_value=-0.034804532821026614 0.042901631668210032 0.0072919913696692581 -0.010483175736665726 0.012488851861821281 -0.033741539276459002 -0.0078840794507414099 0.024893887992948296 0.0024539860408278368 -0.0016214283613058236 -0.0066285823092416488
leaf_weight=53 20 624 250 90 22 416 38 510 39 27
leaf_count=53 20 624 250 90 22 416 38 510 39 27
internal_value=1.0744e-11 0.00214176 -0.00273734 0.00143412 0.00589456 -0.00426044 -0.000530443 -0.00180166 -0.0175365 -0.0252951
internal_weight=2089 1172 917 1152 646 506 798 760 119 80
internal_count=2089 1172 917 1152 646 506 798 760 119 80
is_linear=0
shrinkage=0.05


Tree=72
num_leaves=7
num_cat=0
split_feature=7 18 18 18 8 6
split_gain=5.03184 7.15219 9.21262 18.038 3.65478 3.16071
threshold=-0.16587148459991272 -0.18266204024368268 -0.13627681238429809 -0.11738424778396438 -0.069058513520754719 -0.094155957653070374
decision_type=2 2 2 2 2 2
left_child=5 -2 4 -4 -3 -1
right_child=1 2 3 -5 -6 -7
leaf_value=-0.004832116759529239 0.023171916998484556 -0.024363679671660067 0.031016784626990559 -2.6945411370269467e-05 -0.0026738087736791183 -0.027723422450944779
leaf_weight=38 34 52 48 1861 31 25
leaf_count=38 34 52 48 1861 31 25
internal_value=7.86876e-12 0.000432728 4.46089e-05 0.00075362 -0.0162626 -0.013916
internal_weight=2089 2026 1992 1909 83 63
internal_count=2089 2026 1992 1909 83 63
is_linear=0
shrinkage=0.05


Tree=73
num_leaves=14
num_cat=0
split_feature=14 16 16 2 18 16 16 15 25 7 9 3 16
split_gain=4.72088 12.3805 21.1075 20.7101 18.4279 12.2731 17.7097 12.6245 10.9037 10.5997 9.05632 6.64316 5.76456
threshold=5.7921368545377208 0.043223799633014266 -0.0034264606270975047 1.0699647585087375 0.1192752732318292 0.043223799633014266 -0.0020469060087258124 5.5000000000000009 8.1041666666666694e-05 0.25682445956597794 0.21458210270593742 0.1460383475626425 0.077794193400692727
decision_type=2 2 2 2 2 2 2 2 8 2 2 2 2
left_child=1 2 4 -4 -1 6 7 -2 -8 10 -7 -3 -13
right_child=5 11 3 -5 -6 9 8 -9 -10 -11 -12 12 -14
leaf_value=-0.00039855618802491112 0.041501179692291085 0.0080914651155471803 0.0067008596822756145 0.03719814336227794 -0.028965542201072943 0.02010185688734055 -0.0024910684296026316 0.00097260408091103348 -0.020335427093381982 0.045543375469389413 -0.020287035243666693 -0.029311775022613829 6.2291043729561832e-05
leaf_weight=631 21 25 545 62 62 35 145 226 209 21 23 61 23
leaf_count=631 21 25 545 62 62 35 145 226 209 21 23 61 23
internal_value=3.16088e-11 0.00165124 0.00300839 0.0098159 -0.00295433 -0.00342147 -0.00585687 0.00441835 -0.0130263 0.015106 0.00408557 -0.0145349 -0.0212689
internal_weight=2089 1409 1300 607 693 680 601 247 354 79 58 109 84
internal_count=2089 1409 1300 607 693 680 601 247 354 79 58 109 84
is_linear=0
shrinkage=0.05


Tree=74
num_leaves=12
num_cat=0
split_feature=3 16 26 16 20 18 16 9 6 16 2
split_gain=4.57928 10.925 17.2463 15.2774 12.551 6.47771 6.39707 4.65509 2.79384 3.46265 3.13699
threshold=0.54933362118825024 -0.053816447289357854 3.5000000000000004 -0.036369675940335348 0.013992172211350294 -0.067233092343137443 0.0045236826170373954 -0.14301725932066797 -0.05083439225968344 -0.038717610371661763 0.18734242934900627
decision_type=2 2 2 2 2 2 2 2 2 2 2
left_child=1 2 5 7 -5 -1 8 -3 9 -2 -10
right_child=6 3 -4 4 -6 -7 -8 -9 10 -11 -12
leaf_value=0.019223741169382885 -0.020071188245828337 -0.0071495384811178639 0.049620613615427703 0.040051775500178341 0.00021597980782250638 -0.0078384598290237289 0.016331281363964081 -0.030172533165806759 -0.010643353801139671 0.0052687616619680614 -0.036757628064926551
leaf_weight=41 26 38 28 20 1742 48 20 52 23 28 23
leaf_count=41 26 38 28 20 1742 48 20 52 23 28 23
internal_value=5.8503e-11 0.000577919 0.0153958 -0.000358198 0.000668145 0.0046284 -0.00948269 -0.0204517 -0.0146455 -0.00693195 -0.0237005
internal_weight=2089 1969 117 1852 1762 89 120 90 100 54 46
internal_count=2089 1969 117 1852 1762 89 120 90 100 54 46
is_linear=0
shrinkage=0.05


Tree=75
num_leaves=14
num_cat=0
split_feature=10 2 3 23 18 4 10 6 9 12 9 23 21
split_gain=4.59176 16.1023 27.2775 13.7708 15.6202 14.4395 10.4958 22.7905 11.3025 10.406 7.45535 7.39796 6.89477
threshold=0.034205103364405867 0.20363161244756786 0.37333545368798021 8.4165207425532476 -0.10404846015171197 0.45393939393939398 0.02180803540721685 0.055668484682807044 -0.23932362776267399 -3.2274604169129764 0.53349610956104221 7.5226319584701598 2.5000000000000004
decision_type=2 2 2 2 2 2 2 2 2 2 2 2 2
left_child=6 2 -2 5 -5 -3 7 8 -1 -8 -4 -11 -9
right_child=1 3 10 4 -6 -7 9 12 -10 11 -12 -13 -14
leaf_value=-0.023738778349844385 0.055877529849877233 0.017499537773199323 -0.0054412799229010432 0.013020241398724817 -0.029520367405993838 -0.0038731259147764424 0.026003892486914995 0.018697127787726781 0.0014931650124163072 0.016662361013392607 0.028742779795588421 -0.0087946269242808149 0.055296668037772181
leaf_weight=47 37 129 58 31 71 204 24 31 797 30 22 586 22
leaf_count=47 37 129 58 31 71 204 24 31 797 30 22 586 22
internal_value=3.41054e-11 0.00391163 0.0203779 -0.000517232 -0.0165914 0.00440637 -0.00140483 0.00208525 8.80686e-05 -0.00629639 0.00395934 -0.00755484 0.0338894
internal_weight=2089 552 117 435 102 333 1537 897 844 640 80 616 53
internal_count=2089 552 117 435 102 333 1537 897 844 640 80 616 53
is_linear=0
shrinkage=0.05


Tree=76
num_leaves=5
num_cat=0
split_feature=15 23 23 23
split_gain=4.59073 5.01891 8.26936 10.8515
threshold=1.5000000000000002 10.064966816161292 9.8784431931031751 9.734587319540891
decision_type=2 2 2 2
left_child=-1 2 3 -2
right_child=1 -3 -4 -5
leaf_value=0.023840028196573257 9.4182197293688928e-05 -0.019003547613642049 0.027077246191246171 -0.036037669863019671
leaf_weight=20 1985 35 28 21
leaf_count=20 1985 35 28 21
internal_value=-5.49002e-11 -0.00023045 9.25878e-05 -0.000284068
internal_weight=2089 2069 2034 2006
internal_count=2089 2069 2034 2006
is_linear=0
shrinkage=0.05


Tree=77
num_leaves=9
num_cat=0
split_feature=11 20 11 9 13 11 11 27
split_gain=4.57339 6.53212 6.02416 8.13025 14.6985 6.27981 14.6604 7.9613
threshold=0.59873594573766342 0.2849275362318841 0.70197006315993871 0.017705760434935994 -3.114267332578843 0.8783214966484254 0.86865210086590039 2.5000000000000004
decision_type=2 2 2 2 2 2 2 2
left_child=1 -1 3 4 -2 6 -4 -7
right_child=2 -3 5 -5 -6 7 -8 -9
leaf_value=-0.0012714998573064805 -0.027227456832304597 0.037065531052649023 0.0033863444023950634 -0.03018019243788261 0.026467723843569942 -0.005505761653494326 0.041868141624662618 0.0016988161378478043
leaf_weight=25 25 20 297 39 26 617 27 1013
leaf_count=25 25 20 297 39 26 617 27 1013
internal_value=-2.99286e-11 0.0157672 -0.000347125 -0.012995 0.000146557 0.00023543 0.00659316 -0.00102832
internal_weight=2089 45 2044 90 51 1954 324 1630
internal_count=2089 45 2044 90 51 1954 324 1630
is_linear=0
shrinkage=0.05


Tree=78
num_leaves=8
num_cat=0
split_feature=21 4 8 13 10 2 1
split_gain=4.42386 5.46192 7.87942 18.4209 13.1344 7.06295 8.06632
threshold=47.500000000000007 0.45393939393939398 0.2309419639879047 6.2586968728350696 0.029111083991495427 0.019553301363722801 0.065285493779016365
decision_type=2 2 2 2 2 2 2
left_child=1 2 3 -1 -4 -3 -7
right_child=-2 5 4 -5 -6 6 -8
leaf_value=0.0024398858461949094 -0.017135210763159638 -0.031512355130343214 -0.040112848293322789 0.031188084829156682 -0.0017453457661874734 -0.0034222984430317066 0.017730613403061094
leaf_weight=1003 37 21 26 59 157 738 48
leaf_count=1003 37 21 26 59 157 738 48
internal_value=4.9857e-11 0.000308968 0.00238582 0.00403701 -0.00719647 -0.0028951 -0.00213052
internal_weight=2089 2052 1245 1062 183 807 786
internal_count=2089 2052 1245 1062 183 807 786
is_linear=0
shrinkage=0.05


Tree=79
num_leaves=15
num_cat=0
split_feature=17 22 13 15 23 21 9 9 1 7 19 25 19 5
split_gain=4.32146 11.1782 19.7978 17.44 18.3182 12.1683 9.32262 16.7346 12.5332 11.7346 10.2006 9.48794 7.72297 6.74922
threshold=-0.0011604460548131355 1.5000000000000002 -3.326681485431799 7.5000000000000009 7.8661421940675451 18.500000000000004 -0.078075416238069559 -0.11349888688713604 0.030353190396716346 -0.033170392958129062 0.0038339761125745484 4.7508888888888893e-05 0.0055242533312890351 69.500000000000014
decision_type=2 2 2 2 2 2 2 2 2 2 2 10 2 2
left_child=6 2 -2 4 -3 -4 7 9 10 -1 -8 -9 -5 -10
right_child=1 3 5 12 -6 -7 8 11 13 -11 -12 -13 -14 -15
leaf_value=-0.0039622075926933993 0.055070156836882239 -0.013393726411116561 0.0058272443421526557 0.010965498419184434 0.028919718417969038 -0.031983242844316091 0.01260560043156147 -0.00034553599357604984 0.01103588471480881 0.031578941348940133 -0.022454959930231177 0.037507761285013083 -0.01306141780882967 -0.0051593786548380259
leaf_weight=327 20 41 649 38 68 22 24 25 83 25 153 49 279 286
leaf_count=327 20 41 649 38 68 22 24 25 83 25 153 49 279 286
internal_value=2.11431e-11 0.0021214 0.0060487 -0.00424894 0.0130037 0.00458756 -0.00243786 0.00310581 -0.00676315 -0.00143798 -0.017701 0.0247195 -0.0101812 -0.00151654
internal_weight=2089 1117 691 426 109 671 972 426 546 352 177 74 317 369
internal_count=2089 1117 691 426 109 671 972 426 546 352 177 74 317 369
is_linear=0
shrinkage=0.05


Tree=80
num_leaves=10
num_cat=0
split_feature=24 25 20 20 25 23 25 12 17
split_gain=4.33045 5.48174 14.1616 23.7363 8.93148 11.3732 9.56908 7.25555 3.6806
threshold=0.0018816600000000001 0.00050492444444444459 0.54833333333333345 0.74621468926553691 0.0002459305555555556 7.661681728184015 0.00010358944444444446 2.1412366284903936 0.03618939439000269
decision_type=10 10 2 2 10 2 10 2 2
left_child=1 4 7 -4 6 -6 -1 -3 -2
right_child=8 2 3 -5 5 -7 -8 -9 -10
leaf_value=-0.0011818302855601422 -0.031226804479956627 0.0064770875775138851 0.043299552505569799 -0.00010359974371062386 0.025308408513665198 -0.014403329237969848 0.0088762716664110911 -0.018166949307279929 -0.0031430085056594441
leaf_weight=1301 20 64 56 72 20 183 289 56 28
leaf_count=1301 20 64 56 72 20 183 289 56 28
internal_value=5.00547e-11 0.000349113 0.00731653 0.0188853 -0.00061459 -0.0104908 0.00064634 -0.00502346 -0.0148446
internal_weight=2089 2041 248 128 1793 203 1590 120 48
internal_count=2089 2041 248 128 1793 203 1590 120 48
is_linear=0
shrinkage=0.05


Tree=81
num_leaves=12
num_cat=0
split_feature=6 6 19 4 6 8 13 9 20 18 12
split_gain=4.23338 17.6913 16.02 15.1072 14.7481 27.171 10.2275 10.1416 9.80777 9.51667 5.85779
threshold=0.11645914989807844 0.083621337166765078 0.0097600835370951888 0.62583333333333346 0.060198726453205349 0.11746534993474002 7.1684252686169811 0.2069516311126223 0.57490527542990388 0.18123523862572458 2.9757565399338231
decision_type=2 2 2 2 2 2 2 2 2 2 2
left_child=1 4 3 -2 9 -6 10 -4 -9 -1 -3
right_child=2 6 7 -5 5 -7 -8 8 -10 -11 -12
leaf_value=-4.4131944693450313e-05 0.048161765419550848 -0.011785651789365435 -0.034658632462932951 -0.0049346136904898147 0.044028435775764152 0.0032713851574079954 0.010279387331778004 -0.01491596026391518 0.01726914950247322 -0.018201708519145064 -0.031908510193444678
leaf_weight=1429 37 76 21 21 53 179 31 41 56 76 69
leaf_count=1429 37 76 21 21 53 179 31 41 56 76 69
internal_value=3.03661e-11 -0.000682721 0.00742071 0.0289372 0.000847836 0.0125823 -0.0157883 -0.0031552 0.00366513 -0.000961059 -0.0213614
internal_weight=2089 1913 176 58 1737 232 176 118 97 1505 145
internal_count=2089 1913 176 58 1737 232 176 118 97 1505 145
is_linear=0
shrinkage=0.05


Tree=82
num_leaves=6
num_cat=0
split_feature=13 13 17 1 9
split_gain=4.26933 6.67725 5.03485 9.97488 9.84026
threshold=9.993963869656568 8.88867475652766 -0.0011604460548131355 0.065285493779016365 -0.078075416238069559
decision_type=2 2 2 2 2
left_child=1 2 4 -4 -1
right_child=-2 -3 3 -5 -6
leaf_value=0.0029875075514537632 -0.020966940373182297 0.026463201517860097 0.0014029602065399529 0.02854009065111833 -0.0071847140340681528
leaf_weight=426 24 24 1042 35 538
leaf_count=426 24 24 1042 35 538
internal_value=2.01372e-11 0.000243684 -6.46302e-05 0.00228485 -0.00268952
internal_weight=2089 2065 2041 1077 964
internal_count=2089 2065 2041 1077 964
is_linear=0
shrinkage=0.05


Tree=83
num_leaves=8
num_cat=0
split_feature=15 6 8 16 6 7 16
split_gain=4.37373 4.98068 13.9727 10.6137 12.2492 11.8204 10.0391
threshold=1.5000000000000002 -0.046356990318546752 -0.086181768029088127 -0.053816447289357854 -0.04254740881919971 -0.059474681031484337 -0.028642304106292645
decision_type=2 2 2 2 2 2 2
left_child=-1 2 6 5 -5 -3 -2
right_child=1 3 -4 4 -6 -7 -8
leaf_value=0.023269771635532382 -0.010246347540782559 0.030498041263209624 -0.040291012657274097 0.031513270288705826 -0.00071125517413925959 -0.013383944279381207 0.013925619624436848
leaf_weight=20 135 57 28 30 1735 21 63
leaf_count=20 135 57 28 30 1735 21 63
internal_value=4.80164e-11 -0.000224937 -0.00723049 0.000634127 -0.00016353 0.0186837 -0.00255527
internal_weight=2089 2069 226 1843 1765 78 198
internal_count=2089 2069 226 1843 1765 78 198
is_linear=0
shrinkage=0.05


Tree=84
num_leaves=9
num_cat=0
split_feature=3 18 18 18 24 19 2 2
split_gain=4.24257 9.96142 6.65536 19.1426 6.05063 3.95644 3.002 1.62674
threshold=0.54933362118825024 -0.18266204024368268 -0.13627681238429809 -0.12283883281939988 0.00041119000000000003 0.022327089995713163 0.46823401545509846 0.15109783261097484
decision_type=2 2 2 2 10 2 2 2
left_child=1 -1 5 -4 6 -3 7 -2
right_child=4 2 3 -5 -6 -7 -8 -9
leaf_value=0.031916979432106023 -0.012750953811166041 -0.023052307962401153 0.04509403519332409 0.00015051400687495018 0.015977855669334531 0.0018111901512990398 -0.002078451983192388 -0.02845769865671173
leaf_weight=25 34 48 24 1848 20 24 34 32
leaf_count=25 34 48 24 1848 20 24 34 32
internal_value=-2.10881e-11 0.000556267 0.000152965 0.000726713 -0.00912741 -0.0147645 -0.0141485 -0.0203663
internal_weight=2089 1969 1944 1872 120 72 100 66
internal_count=2089 1969 1944 1872 120 72 100 66
is_linear=0
shrinkage=0.05


Tree=85
num_leaves=13
num_cat=0
split_feature=14 2 25 18 18 14 8 14 20 11 1 11
split_gain=4.23827 11.0576 12.4329 18.9131 13.9364 9.04713 12.8194 11.3681 12.8196 12.097 7.23494 7.06372
threshold=5.7921368545377208 1.549787230410361 7.2083333333333355e-05 0.11472606241951323 -0.19303225588470327 6.1399401187902063 0.061483984982282948 6.3663584650568872 0.4788059701492538 0.8783214966484254 0.030054927209722453 1.0302499197923507
decision_type=2 2 8 2 2 2 2 2 2 2 2 2
left_child=1 2 3 -1 -4 6 -2 8 -7 -9 -3 -8
right_child=5 10 4 -5 -6 7 11 9 -10 -11 -12 -13
leaf_value=-0.0025016277229441448 0.011091603048364908 0.048742153532803062 0.041806921223178507 -0.036284349632004033 0.0031907762810635398 0.046124960510776594 -0.044274403166867073 0.033865791843051003 0.0022003591627530431 -0.0049415006075046296 0.0062129219621419908 -0.015120313695025823
leaf_weight=417 34 20 24 46 882 26 31 21 46 459 20 63
leaf_count=417 34 20 24 46 882 26 31 21 46 459 20 63
internal_value=2.05479e-11 0.00156457 0.00080743 -0.00585801 0.00421372 -0.00324187 -0.0152185 -0.000464677 0.018062 -0.00324368 0.0274775 -0.024735
internal_weight=2089 1409 1369 463 906 680 128 552 72 480 40 94
internal_count=2089 1409 1369 463 906 680 128 552 72 480 40 94
is_linear=0
shrinkage=0.05


Tree=86
num_leaves=10
num_cat=0
split_feature=7 16 16 11 25 11 20 17 6
split_gain=4.32262 10.6635 12.3962 12.0714 13.3964 11.858 10.2646 2.68148 2.61038
threshold=-0.16587148459991272 -0.053816447289357854 -0.033389602164036518 1.0812529414956831 8.0406111111111132e-05 1.2705291796634119 0.013992172211350294 -0.017746648325069 -0.094155957653070374
decision_type=2 2 2 2 10 2 2 2 2
left_child=8 3 7 4 -2 -5 -4 -3 -1
right_child=1 2 6 5 -6 -7 -8 -9 -10
leaf_value=-0.0046428006313937271 0.027389064129619375 -0.01236072355792636 0.033081727971633272 0.051442772930022335 -0.025440014423137265 0.0068876194102423533 0.00016140890217365895 -0.031932878476523222 -0.025446010805666448
leaf_weight=38 21 105 24 32 28 28 1767 21 25
leaf_count=38 21 105 24 32 28 28 1767 21 25
internal_value=-4.50657e-11 0.000401074 -0.0004639 0.0156135 -0.00279898 0.0306504 0.000602552 -0.0156227 -0.012898
internal_weight=2089 2026 1917 109 49 60 1791 126 63
internal_count=2089 2026 1917 109 49 60 1791 126 63
is_linear=0
shrinkage=0.05


Tree=87
num_leaves=14
num_cat=0
split_feature=10 2 8 8 23 18 10 18 10 6 23 20 19
split_gain=4.13716 14.1252 16.2168 28.6401 12.165 13.6348 12.7887 8.83768 9.39741 20.4986 10.5586 3.09375 5.04441
threshold=0.034205103364405867 0.20363161244756786 -0.20272864396578946 0.2092967853288383 8.4165207425532476 -0.10404846015171197 0.072670578168330321 0.18123523862572458 0.02180803540721685 0.060198726453205349 7.5163678773171556 0.96393762183235876 0.014219451957959843
decision_type=2 2 2 2 2 2 2 2 2 2 2 2 2
left_child=7 2 -2 -4 6 -6 -3 8 9 -1 -10 12 -9
right_child=1 4 3 -5 5 -7 -8 11 10 -11 -12 -13 -14
leaf_value=0.0012814527577217011 -0.017508078754569095 0.007044070227684435 0.056638538853629773 0.0011413975440441296 0.012122777488923842 -0.027622453961521388 -0.029477527508368864 -0.039302579952137817 0.028739525665613736 0.039827264403639775 -0.0065522603357843594 -0.0051353830595811216 -0.0064248427096754313
leaf_weight=823 24 307 46 47 31 71 26 28 22 36 578 30 20
leaf_count=823 24 307 46 47 31 71 26 28 22 36 578 30 20
internal_value=-2.80743e-11 0.00371295 0.0191353 0.0285916 -0.000435113 -0.015543 0.00419253 -0.00133347 -0.000456833 0.00289688 -0.00525823 -0.0177312 -0.0256035
internal_weight=2089 552 117 93 435 102 333 1537 1459 859 600 78 48
internal_count=2089 552 117 93 435 102 333 1537 1459 859 600 78 48
is_linear=0
shrinkage=0.05


Tree=88
num_leaves=13
num_cat=0
split_feature=4 18 18 16 10 4 1 25 1 14 10 16
split_gain=4.16398 8.28556 18.0365 15.0834 13.3651 11.7092 10.4159 6.34849 8.33233 13.2855 10.5044 6.27865
threshold=0.45393939393939398 0.1271672650914111 0.11078325794687861 0.010771016749406394 0.042729219113661551 0.43405797101449278 0.030505290228245913 -0.00021753333333333333 0.065285493779016365 4.7507737517985182 0.058965920784776499 -0.0098760222752733978
decision_type=2 2 2 2 2 2 2 10 2 2 2 2
left_child=1 2 5 -4 6 -1 -3 11 10 -10 -9 -2
right_child=7 4 3 -5 -6 -7 -8 8 9 -11 -12 -13
leaf_value=0.0014123183904452014 0.0017031941740285783 -0.0013000563691252644 0.0058070561289787293 0.067214273065328609 0.025675565142322471 0.034780402012445311 -0.025023666085741882 -0.0017051947948878961 -0.0050740311667323117 0.049599979594349863 -0.03243251717809973 -0.0334817199036479
leaf_weight=1001 21 103 20 20 27 27 84 680 25 20 29 32
leaf_count=1001 21 103 20 20 27 27 84 680 25 20 29 32
internal_value=2.07976e-11 0.00177112 0.00357044 0.0365107 -0.00720866 0.00228872 -0.0119567 -0.0028136 -0.00163783 0.0192255 -0.00296202 -0.0195405
internal_weight=2089 1282 1068 40 214 1028 187 807 754 45 709 53
internal_count=2089 1282 1068 40 214 1028 187 807 754 45 709 53
is_linear=0
shrinkage=0.05


Tree=89
num_leaves=11
num_cat=0
split_feature=6 6 4 7 13 6 13 13 18 12
split_gain=4.03406 15.4608 14.4585 16.422 22.9871 12.9935 17.9176 9.01704 7.41239 4.96253
threshold=0.11645914989807844 0.083621337166765078 0.81246376811594223 0.26132819022184878 7.3782668731742227 0.060198726453205349 4.7547020530181161 7.1684252686169811 0.18123523862572458 2.9757565399338231
decision_type=2 2 2 2 2 2 2 2 2 2
left_child=1 5 3 4 -2 8 -7 9 -1 -3
right_child=2 7 -4 -5 -6 6 -8 -9 -10 -11
leaf_value=-0.00012429787908036175 0.012910370489712372 -0.011206905970558231 -0.022588334413188877 -0.014550965339750858 0.072421877682209021 0.023349603646210512 -0.0049077896518926875 0.0096888194641759334 -0.016149162763337555 -0.029728328922520517
leaf_weight=1429 86 76 33 37 20 137 95 31 76 69
leaf_count=1429 86 76 33 37 20 137 95 31 76 69
internal_value=7.65477e-11 -0.000666455 0.00724391 0.0141283 0.024139 0.000764362 0.0117787 -0.0147876 -0.000933527 -0.0200205
internal_weight=2089 1913 176 143 106 1737 232 176 1505 145
internal_count=2089 1913 176 143 106 1737 232 176 1505 145
is_linear=0
shrinkage=0.05


Tree=90
num_leaves=7
num_cat=0
split_feature=15 6 8 2 6 16
split_gain=4.14343 4.47865 12.8254 11.2271 8.83752 9.61886
threshold=1.5000000000000002 -0.046356990318546752 -0.086181768029088127 0.35772566178588489 -0.04254740881919971 -0.053816447289357854
decision_type=2 2 2 2 2 2
left_child=-1 2 3 -2 -3 -6
right_child=1 4 -4 -5 5 -7
leaf_value=0.02264884814620018 -0.017795123970387756 0.026642633031588051 -0.038536161729799852 0.006814742725785642 0.017546112859915749 -0.0006272175013535906
leaf_weight=20 74 32 28 124 76 1735
leaf_count=20 74 32 28 124 76 1735
internal_value=-8.22431e-11 -0.000218935 -0.00686205 -0.00238288 0.000595684 0.00013544
internal_weight=2089 2069 226 198 1843 1811
internal_count=2089 2069 226 198 1843 1811
is_linear=0
shrinkage=0.05


Tree=91
num_leaves=6
num_cat=0
split_feature=21 18 25 17 20
split_gain=4.17059 4.89954 11.0497 8.5554 9.63644
threshold=47.500000000000007 -0.19303225588470327 8.8718888888888913e-05 -0.14781181834097798 0.013992172211350294
decision_type=2 2 10 2 2
left_child=1 2 -1 -3 -5
right_child=-2 3 -4 4 -6
leaf_value=-0.009870708414486477 -0.016637462553744382 -0.029739583279782284 0.039792755655556296 0.023705019823513751 -0.0002256293195859678
leaf_weight=21 37 24 24 43 1940
leaf_count=21 37 24 24 43 1940
internal_value=5.66013e-11 0.000299993 0.0166165 -6.5847e-05 0.00029329
internal_weight=2089 2052 45 2007 1983
internal_count=2089 2052 45 2007 1983
is_linear=0
shrinkage=0.05


Tree=92
num_leaves=14
num_cat=0
split_feature=5 17 8 20 4 4 6 1 6 6 16 8 24
split_gain=4.04231 7.58057 12.5429 12.8387 7.2181 8.62764 6.39508 17.244 15.0396 19.1824 13.0712 10.3129 4.361
threshold=57.500000000000007 0.004103263237347222 0.062052007944934935 0.98019607843137269 0.48107142857142865 0.1451910408432148 0.11645914989807844 0.046799408212999175 0.075402608990147404 0.060709160463740759 -0.00040170906157221958 0.3372631453134961 0.00050720500000000016
decision_type=2 2 2 2 2 2 2 2 2 2 2 2 10
left_child=1 4 -3 -4 5 -1 8 10 9 -2 -8 -9 -10
right_child=6 2 3 -5 -6 -7 7 11 12 -11 -12 -13 -14
leaf_value=-0.019394368575885893 -0.0017913317218942273 0.044125038385391238 0.014400911096055978 -0.017372153513133527 -0.025627586236805656 0.024286708464989298 0.053131795700254114 0.013111457683973843 -0.018163403458203432 0.017791398957479689 0.0085585073813011763 -0.023161993838500147 -8.3513379407425736e-05
leaf_weight=20 1333 25 122 43 32 26 29 36 162 138 38 43 42
leaf_count=20 1333 25 122 43 32 26 29 36 162 138 38 43 42
internal_value=-7.30825e-11 0.00573328 0.0111212 0.00612066 -0.00739123 0.00529494 -0.000843778 0.00919241 -0.00171857 4.57973e-05 0.0278514 -0.00663232 -0.0144411
internal_weight=2089 268 190 165 78 46 1821 146 1675 1471 67 79 204
internal_count=2089 268 190 165 78 46 1821 146 1675 1471 67 79 204
is_linear=0
shrinkage=0.05


Tree=93
num_leaves=10
num_cat=0
split_feature=11 19 19 19 6 25 14 11 3
split_gain=4.14087 8.26665 5.96748 45.321 16.2165 15.6185 20.631 19.5289 6.69181
threshold=0.59873594573766342 0.007550642747327147 0.0067444395148086598 0.0070441732130771297 0.037866068253086367 -1.0477222222222218e-05 5.6908940807273911 1.0357697407941233 0.15494599745870399
decision_type=2 2 2 2 2 8 2 2 2
left_child=1 -1 5 4 -4 7 -7 -2 -5
right_child=2 -3 3 8 -6 6 -8 -9 -10
leaf_value=0.038962918594479562 -0.016291604215318025 -0.0041647674441337591 0.025110171874338352 0.0068972310284152634 0.081263613998889928 -0.0032002476133624379 -0.033107701114280838 0.042985106562969812 -0.0019713675387328217
leaf_weight=20 24 25 36 252 20 239 76 33 1364
leaf_count=20 24 25 36 252 20 239 76 33 1364
internal_value=4.82052e-11 0.0150031 -0.000330303 0.000944016 0.045165 -0.00605789 -0.010416 0.0180265 -0.000588393
internal_weight=2089 45 2044 1672 56 372 315 57 1616
internal_count=2089 45 2044 1672 56 372 315 57 1616
is_linear=0
shrinkage=0.05


Tree=94
num_leaves=8
num_cat=0
split_feature=13 13 24 12 14 5 23
split_gain=3.84829 5.95738 10.7656 11.0821 7.07354 6.73759 5.32057
threshold=9.993963869656568 7.0609592762877726 -7.4149999999999985e-06 5.2641159748464679 7.751348708470764 49.500000000000007 7.9005810340871481
decision_type=2 2 10 2 2 2 2
left_child=1 4 -3 -4 5 -1 -6
right_child=-2 2 3 -5 6 -7 -8
leaf_value=0.014901145157714686 -0.019906235175828138 -0.019711982183482336 0.0016088876493123114 0.035411354449267192 0.005229680761694909 -0.00039718100351911759 -0.022031852815832413
leaf_weight=75 24 23 49 48 25 1782 63
leaf_count=75 24 23 49 48 25 1782 63
internal_value=-4.58862e-11 0.000231356 0.0110434 0.0183359 -0.00043571 0.000220684 -0.0142871
internal_weight=2089 2065 120 97 1945 1857 88
internal_count=2089 2065 120 97 1945 1857 88
is_linear=0
shrinkage=0.05


Tree=95
num_leaves=7
num_cat=0
split_feature=24 25 23 19 22 25
split_gain=3.75615 5.17829 11.7597 4.98464 6.4454 2.96387
threshold=0.0018816600000000001 0.0010918527777777781 8.0474212687423954 0.036027070823743415 2.5000000000000004 0.0015625755555555558
decision_type=10 10 2 2 2 10
left_child=1 3 -3 4 -1 -2
right_child=5 2 -4 -5 -6 -7
leaf_value=0.00064390543593109998 0.00026280316468771722 -0.0040389063362127704 0.038003885257860713 0.02352444059215486 -0.0082512475556222268 -0.024782630439019866
leaf_weight=1720 21 39 29 22 231 27
leaf_count=1720 21 39 29 22 231 27
internal_value=1.31406e-11 0.000325141 0.0138911 -0.000142414 -0.000409288 -0.0138253
internal_weight=2089 2041 68 1973 1951 48
internal_count=2089 2041 68 1973 1951 48
is_linear=0
shrinkage=0.05


Tree=96
num_leaves=14
num_cat=0
split_feature=10 2 3 23 4 17 1 4 14 23 9 12 3
split_gain=3.6919 12.667 22.0871 10.5873 11.3867 10.4159 10.0784 8.68996 16.0041 15.2478 6.33502 5.52545 3.83634
threshold=0.034205103364405867 0.20363161244756786 0.37333545368798021 8.4165207425532476 0.60136986301369866 -0.1210678731609711 0.046799408212999175 0.19836065573770495 6.946341890182012 8.5150946038377704 0.53349610956104221 -2.1727013806327666 0.40019150268837372
decision_type=2 2 2 2 2 2 2 2 2 2 2 2 2
left_child=6 2 -2 4 -3 -5 7 9 -9 -1 -4 -8 -13
right_child=1 3 10 5 -6 -7 11 8 -10 -11 -12 12 -14
leaf_value=0.019977074017604957 0.050056118638934312 0.011917640635939806 -0.0053276777540429915 0.015097098678107497 -0.0067610043960695089 -0.023136068420791175 0.0031792170161174405 -0.0008911822929905188 -0.024632779338683648 0.00023546805063003225 0.026183428560298955 -0.02804899913400917 -0.0092241830378770838
leaf_weight=130 37 190 58 23 143 79 36 789 78 395 22 59 50
leaf_count=130 37 190 58 23 143 79 36 789 78 395 22 59 50
internal_value=2.9324e-11 0.00350746 0.018112 -0.000420662 0.00389648 -0.0145149 -0.00125967 4.70761e-05 -0.0030271 0.00512387 0.00333788 -0.0138045 -0.0194138
internal_weight=2089 552 117 435 333 102 1537 1392 867 525 80 145 109
internal_count=2089 552 117 435 333 102 1537 1392 867 525 80 145 109
is_linear=0
shrinkage=0.05


Tree=97
num_leaves=10
num_cat=0
split_feature=11 19 19 19 1 25 14 2 6
split_gain=3.81924 7.37307 5.52129 40.5773 15.1735 14.1191 18.5452 18.296 6.21104
threshold=0.59873594573766342 0.007550642747327147 0.0067444395148086598 0.0070441732130771297 0.027622694183263418 -1.0477222222222218e-05 5.6908940807273911 0.59119866248306052 0.19909159039331245
decision_type=2 2 2 2 2 8 2 2 2
left_child=1 -1 5 4 -4 7 -7 -2 -5
right_child=2 -3 3 8 -6 6 -8 -9 -10
leaf_value=0.037036489732563495 -0.0045629688357520437 -0.0036936140805482868 0.016724632637176131 -0.00019445849061127516 0.068777931561427461 -0.0031288683874275396 -0.031484259346402005 0.054162213596559705 -0.028232098743319514
leaf_weight=20 36 25 28 1596 28 239 76 21 20
leaf_count=20 36 25 28 1596 28 239 76 21 20
internal_value=-6.37456e-11 0.0144087 -0.000317216 0.000908537 0.0427513 -0.00582652 -0.00997017 0.0170726 -0.000541459
internal_weight=2089 45 2044 1672 56 372 315 57 1616
internal_count=2089 45 2044 1672 56 372 315 57 1616
is_linear=0
shrinkage=0.05


Tree=98
num_leaves=13
num_cat=0
split_feature=2 2 8 6 6 14 7 2 20 9 6 2
split_gain=3.80789 10.2115 29.5799 9.90204 11.8313 10.8964 9.16417 11.782 8.22545 7.77693 7.23223 4.88891
threshold=0.85854229897894629 0.93895124847152689 0.10396299940828337 0.082549711875698498 0.056683722190750609 7.2711181592408982 0.28649860395956112 1.0090848760491131 0.91240409207161133 0.25883795174047014 0.11354681060440906 1.7966072699623907
decision_type=2 2 2 2 2 2 2 2 2 2 2 2
left_child=3 2 -2 4 5 -1 7 -3 10 -6 -5 -8
right_child=1 6 -4 8 9 -7 11 -9 -10 -11 -12 -13
leaf_value=-0.00063207892848443268 -0.018907642062930836 -0.01822447833012451 0.060214422312047745 -0.029042390295087473 0.023509830301741093 -0.022473382833413783 -0.003006359040737152 0.0064315204396763817 0.013685643537478013 0.0014562073999490495 -0.0023724979219528347 -0.037162928215482019
leaf_weight=1183 21 55 27 73 82 60 20 407 22 78 39 22
leaf_count=1183 21 55 27 73 82 60 20 407 22 78 39 22
internal_value=-2.29598e-12 0.00356214 0.0255985 -0.00127931 -3.90321e-05 -0.00168637 0.00146343 0.00349628 -0.0142652 0.0127587 -0.0197556 -0.0208979
internal_weight=2089 552 48 1537 1403 1243 504 462 134 160 112 42
internal_count=2089 552 48 1537 1403 1243 504 462 134 160 112 42
is_linear=0
shrinkage=0.05


Tree=99
num_leaves=12
num_cat=0
split_feature=17 13 17 10 11 19 25 14 16 12 18
split_gain=3.69114 11.1378 9.40666 13.2724 10.9345 8.218 15.721 15.5893 6.68597 4.97933 4.77732
threshold=-0.0041342634698713345 -4.2041060851081573 -0.010508652652848836 0.0098509283609580361 0.82384070565699685 0.0099520665164909688 0.00010358944444444446 3.6489097681855953 0.017674496839759971 -1.5574602530454829 -0.014001100852301994
decision_type=2 2 2 2 2 2 10 2 2 2 2
left_child=2 -2 3 10 -5 7 -7 -3 9 -4 -1
right_child=1 5 8 4 -6 6 -8 -9 -10 -11 -12
leaf_value=-0.044691561091513864 0.038851808086037637 0.026764050136009854 -0.0020678552100434899 0.016059488724952317 -0.0012745208582932252 -0.010794389471411706 0.0055385085992237333 0.0022758397202244608 0.010134538250382651 -0.026647860623705083 -0.010546370884403586
leaf_weight=21 20 75 28 106 642 305 285 487 22 78 20
leaf_count=21 20 75 28 106 642 305 285 487 22 78 20
internal_value=3.76162e-12 0.0018591 -0.00237607 -0.000336358 0.0011819 0.00121686 -0.00290477 0.00554384 -0.014949 -0.020155 -0.0280354
internal_weight=2089 1172 917 789 748 1152 590 562 128 106 41
internal_count=2089 1172 917 789 748 1152 590 562 128 106 41
is_linear=0
shrinkage=0.05


end of trees

feature_importances:
Column_16=74
Column_25=59
Column_17=58
Column_5=56
Column_19=55
Column_18=53
Column_20=51
Column_11=49
Column_8=44
Column_9=43
Column_10=43
Column_2=41
Column_4=41
Column_6=41
Column_23=41
Column_1=36
Column_24=36
Column_13=33
Column_14=25
Column_26=25
Column_3=24
Column_12=23
Column_7=22
Column_15=16
Column_21=16
Column_22=14
Column_27=13

parameters:
[boosting: gbdt]
[objective: regression]
[metric: l2]
[tree_learner: serial]
[device_type: cpu]
[data_sample_strategy: bagging]
[data: ]
[valid: ]
[num_iterations: 100]
[learning_rate: 0.05]
[num_leaves: 31]
[num_threads: 4]
[seed: 0]
[deterministic: 0]
[force_col_wise: 0]
[force_row_wise: 0]
[histogram_pool_size: -1]
[max_depth: 4]
[min_data_in_leaf: 20]
[min_sum_hessian_in_leaf: 0.001]
[bagging_fraction: 0.8]
[pos_bagging_fraction: 1]
[neg_bagging_fraction: 1]
[bagging_freq: 0]
[bagging_seed: 3]
[bagging_by_query: 0]
[feature_fraction: 0.8]
[feature_fraction_bynode: 1]
[feature_fraction_seed: 2]
[extra_trees: 0]
[extra_seed: 6]
[early_stopping_round: 0]
[early_stopping_min_delta: 0]
[first_metric_only: 0]
[max_delta_step: 0]
[lambda_l1: 0]
[lambda_l2: 0]
[linear_lambda: 0]
[min_gain_to_split: 0]
[drop_rate: 0.1]
[max_drop: 50]
[skip_drop: 0.5]
[xgboost_dart_mode: 0]
[uniform_drop: 0]
[drop_seed: 4]
[top_rate: 0.2]
[other_rate: 0.1]
[min_data_per_group: 100]
[max_cat_threshold: 32]
[cat_l2: 10]
[cat_smooth: 10]
[max_cat_to_onehot: 4]
[top_k: 20]
[monotone_constraints: ]
[monotone_constraints_method: basic]
[monotone_penalty: 0]
[feature_contri: ]
[forcedsplits_filename: ]
[refit_decay_rate: 0.9]
[cegb_tradeoff: 1]
[cegb_penalty_split: 0]
[cegb_penalty_feature_lazy: ]
[cegb_penalty_feature_coupled: ]
[path_smooth: 0]
[interaction_constraints: ]
[verbosity: -1]
[saved_feature_importance_type: 0]
[use_quantized_grad: 0]
[num_grad_quant_bins: 4]
[quant_train_renew_leaf: 0]
[stochastic_rounding: 1]
[linear_tree: 0]
[max_bin: 255]
[max_bin_by_feature: ]
[min_data_in_bin: 3]
[bin_construct_sample_cnt: 200000]
[data_random_seed: 1]
[is_enable_sparse: 1]
[enable_bundle: 1]
[use_missing: 1]
[zero_as_missing: 0]
[feature_pre_filter: 1]
[pre_partition: 0]
[two_round: 0]
[header: 0]
[label_column: ]
[weight_column: ]
[group_column: ]
[ignore_column: ]
[categorical_feature: ]
[forcedbins_filename: ]
[precise_float_parser: 0]
[parser_config_file: ]
[objective_seed: 5]
[num_class: 1]
[is_unbalance: 0]
[scale_pos_weight: 1]
[sigmoid: 1]
[boost_from_average: 1]
[reg_sqrt: 0]
[alpha: 0.9]
[fair_c: 1]
[poisson_max_delta_step: 0.7]
[tweedie_variance_power: 1.5]
[lambdarank_truncation_level: 30]
[lambdarank_norm: 1]
[label_gain: ]
[lambdarank_position_bias_regularization: 0]
[eval_at: ]
[multi_error_top_k: 1]
[auc_mu_weights: ]
[num_machines: 1]
[local_listen_port: 12400]
[time_out: 120]
[machine_list_filename: ]
[machines: ]
[gpu_platform_id: -1]
[gpu_device_id: -1]
[gpu_device_id_list: ]
[gpu_use_dp: 0]
[num_gpu: 1]

end of parameters

pandas_categorical:null
