tree
version=v4
num_class=1
num_tree_per_iteration=1
label_index=0
max_feature_idx=27
objective=binary sigmoid:1
feature_names=Column_0 Column_1 Column_2 Column_3 Column_4 Column_5 Column_6 Column_7 Column_8 Column_9 Column_10 Column_11 Column_12 Column_13 Column_14 Column_15 Column_16 Column_17 Column_18 Column_19 Column_20 Column_21 Column_22 Column_23 Column_24 Column_25 Column_26 Column_27
feature_infos=[-1:1] [0.0053063552171375133:0.31987052259341364] [0.00069409230993270146:8.4721708806935947] [0.027849588719154068:3.7224221650956872] [0:0.98666666666666669] [30:75] [-0.44258931562038306:0.43212804850363495] [-0.87564966584651893:0.60613848138024173] [-1.4335054987847946:0.92757990401340606] [-1.4945299172630846:1.6279496194026022] [0.002743289281923278:0.14448619531258641] [0.38398762418914162:1.6877910952917659] [-7.7761545303337805:13.068133294365182] [-10.713474572191819:13.68711096083287] [1.7243999674918344:14.399226963204375] [1:10] [-0.17144942841584765:0.13886587773143688] [-0.28082707918720828:0.21399826306047309] [-0.4319975562795868:0.34553768849033872] [0.0018327008101275619:0.043003842848527693] [0:1] [1:71] [0:3] [7.3991383628453047:10.368061203191656] [-0.029999999999999999:0.00384119] [-0.009920448888888888:0.0031953766666666665] [0:5] [0:6]
tree_sizes=1492 1513 1422 1416 1619 1302 1421 1613 1431 1307 1518 1409 1518 1411 1416 1431 1410 1623 1632 1535 1515 1522 1412 1416 1203 1422 1529 1523 1425 1642 1526 1418 1626 1210 1413 1096 1635 1102 1311 1210 898 1631 1527 894 1111 1739 788 1100 1210 1417 899 1632 1405 902 1516 1100 1745 1632 1532 894 1503 996 1429 1104 1421 1641 1315 1099 1618 1331 795 1728 1542 1641 788 1638 1412 1740 1105 1004 1416 1416 789 1407 1627 899 1425 1628 1413 994 1620 1421 898 1530 1110 894 1330 783 1746 1633

Tree=0
num_leaves=13
num_cat=0
split_feature=5 13 3 18 13 19 24 26 20 9 11 14
split_gain=43.6876 27.2698 16.7961 10.2056 18.0468 12.4563 9.97193 9.80641 10.6139 9.39722 6.24954 5.3605
threshold=53.000000000000007 2.6465218582320009 0.18236412837672941 -0.19303225588470327 -4.8671890140172751 0.022391136348616756 0.00063821500000000003 1.5000000000000002 0.97241248097412492 0.20516756049866314 1.0887123640309559 5.2364123791058104
decision_type=2 2 2 2 2 2 8 2 2 2 2 2
left_child=2 3 11 4 -2 -5 9 10 -9 -4 -3 -1
right_child=1 7 6 5 -6 -7 -8 8 -10 -11 -12 -13
leaf_value=-0.76953591165177804 -0.91374544522585577 -0.92702714899290062 -0.91024945653315092 -0.90196892742414592 -0.78150587293658291 -0.96968126430913437 -0.93075295778496081 -0.91586596295749645 -0.96618527561642953 -0.83193930981656083 -0.95174532232047437 -0.84020913134482134
leaf_weight=4.903579115867613 5.7208423018455505 46.788317397236824 6.1294738948345246 135.25705727934837 4.699263319373129 7.1510528773069373 7.5596844702959052 124.63263586163521 11.441684603691099 10.215789824724196 56.39115983247757 5.9251580983400345
leaf_count=24 28 229 30 662 23 35 37 610 56 50 276 29
internal_value=-0.913612 -0.918373 -0.859866 -0.901874 -0.854108 -0.905369 -0.883268 -0.928912 -0.920097 -0.861306 -0.940536 -0.808206
internal_weight=426.816 392.082 34.7337 152.828 10.4201 142.408 23.9049 239.254 136.074 16.3453 103.179 10.8287
internal_count=2089 1919 170 748 51 697 117 1171 666 80 505 53
is_linear=0
shrinkage=1


Tree=1
num_leaves=13
num_cat=0
split_feature=26 8 19 13 8 3 22 9 13 18 18 1
split_gain=19.3034 17.6357 12.0518 12.0687 10.7116 8.28323 7.82201 7.49624 6.01442 5.38964 7.08142 4.56382
threshold=1.5000000000000002 0.18425457437845594 0.026189471972159033 6.306319800261833 -0.15416543453032092 0.56752999693226547 1.5000000000000002 -0.23221984409703525 2.7787495370260058 0.16232412251797793 0.037810314282652698 0.043372129589624962
decision_type=2 2 2 2 2 2 2 2 2 2 2 2
left_child=4 2 3 -2 5 6 -1 -6 -9 10 -3 -11
right_child=1 9 -4 -5 7 -7 -8 8 -10 11 -12 -13
leaf_value=0.085565752941807224 0.012176957714780171 -0.0035508479548900435 0.082077138529162277 0.088450674822536948 -0.070202353326014197 -0.029510449393896916 0.0058550351984881094 -0.00024754276946648538 -0.020733801014752102 -0.022613696690323985 -0.041587935492736261 0.043874718829930506
leaf_weight=6.4027347862720507 169.37191312015057 26.329005017876625 6.8592670261859885 5.3500282615423194 6.1479258537292472 4.9157675206661215 5.9264251887798309 53.556740939617157 108.22208648920059 4.2514810711145383 22.86033308506012 6.5683514773845673
leaf_count=31 827 129 33 26 30 24 29 261 534 21 112 32
internal_value=-1.1126e-05 0.0092987 0.0170647 0.0145125 -0.0121575 0.0253691 0.0472501 -0.0160112 -0.0139518 -0.0142005 -0.0212283 0.0177492
internal_weight=426.762 241.59 181.581 174.722 185.172 17.2449 12.3292 167.927 161.779 60.0092 49.1893 10.8198
internal_count=2089 1180 886 853 909 84 60 825 795 294 241 53
is_linear=0
shrinkage=0.05


Tree=2
num_leaves=12
num_cat=0
split_feature=5 8 24 5 26 17 23 22 17 7 8
split_gain=37.8799 24.8273 14.2875 18.1742 11.5233 19.4956 11.9316 7.2635 13.0952 7.71917 4.91195
threshold=53.000000000000007 0.039528364990344685 0.0011354400000000001 44.500000000000007 2.5000000000000004 -0.11564829900437611 8.1665412296462243 1.0000000180025095e-35 -0.00060162908438954321 0.030499625611449369 0.075449475042626918
decision_type=2 2 8 2 2 2 2 2 2 2 2
left_child=2 4 3 -1 5 -2 -6 8 -3 -9 -5
right_child=1 7 -4 10 6 -7 -8 9 -10 -11 -12
leaf_value=-0.0072539941735258948 0.082869466374488776 -0.040435897640623809 -0.024673945442177329 0.12535847598961275 0.0051683194457939514 -0.0075497836358485049 0.049256864279561427 0.037419879002864212 0.0018166643168343211 -0.025334644692481374 0.071397792278540123
leaf_weight=7.0644477605819729 6.482390269637107 22.25937320291996 5.5095216482877722 5.5588015764951733 29.074471339583397 74.187243804335594 32.498766720294952 5.1137783974409095 104.08643555641174 117.37071959674358 17.476074233651161
leaf_count=34 31 110 27 26 141 362 157 25 513 580 83
internal_value=-1.78567e-05 -0.00451329 0.0493532 0.0629034 0.0121493 -0.000283941 0.0284385 -0.0140384 -0.00562731 -0.0227146 0.0844196
internal_weight=426.682 391.073 35.6088 30.0993 142.243 80.6696 61.5732 248.83 126.346 122.484 23.0349
internal_count=2089 1919 170 143 691 393 298 1228 623 605 109
is_linear=0
shrinkage=0.05


Tree=3
num_leaves=12
num_cat=0
split_feature=5 13 24 5 26 20 23 18 25 23 11
split_gain=33.5751 21.5444 12.464 15.5434 8.79078 9.90168 8.11261 10.0155 7.53871 6.96389 6.30083
threshold=53.000000000000007 2.5635114398487286 0.0011354400000000001 44.500000000000007 1.5000000000000002 0.97241248097412492 7.7049131582066215 -0.035224779946795508 0.00011738833333333334 7.4738773311470998 1.0887123640309559
decision_type=2 2 8 2 2 2 2 2 10 2 2
left_child=2 6 3 -1 10 -6 9 -8 -5 -2 -3
right_child=1 4 -4 8 5 -7 7 -9 -10 -11 -12
leaf_value=-0.0069124259832008365 0.036311094453881206 -0.011262746373433295 -0.023698548295308833 0.059597346713734602 -0.001352067958153651 -0.050633740720635437 0.0023525400752934383 0.03042955290054046 0.12156559011768409 -0.032416086209364689 -0.036089724296314761
leaf_weight=7.0434032380580929 4.6995864212512997 47.480945393443108 5.4509917944669715 16.840833336114887 126.87040190398693 11.082803040742872 68.237358286976814 59.420262157917023 6.9265427887439719 17.086715161800385 55.343685179948807
leaf_count=34 23 237 27 77 623 56 329 288 32 83 280
internal_value=-2.70793e-05 -0.00430365 0.0459942 0.0583241 -0.0135594 -0.00531123 0.0106088 0.0154214 0.0776568 -0.0175907 -0.0246255
internal_weight=426.484 390.222 36.2618 30.8108 240.778 137.953 149.444 127.658 23.7674 21.7863 102.825
internal_count=2089 1919 170 143 1196 679 723 617 109 106 517
is_linear=0
shrinkage=0.05


Tree=4
num_leaves=14
num_cat=0
split_feature=5 12 26 16 3 6 5 11 1 9 24 8 7
split_gain=29.8451 22.0162 11.9581 11.4733 11.2644 10.8017 9.03572 9.19064 8.7494 7.41894 7.97412 6.37276 4.29098
threshold=53.000000000000007 1.8433686548257116 2.5000000000000004 -0.013034965902096294 0.18236412837672941 -0.045348464945232585 73.500000000000014 0.88633509385968268 0.01357037026966112 0.20516756049866314 0.0004969550000000001 0.086600083227184058 0.089929462429652843
decision_type=2 2 2 2 2 2 2 2 2 2 8 2 2
left_child=4 2 3 -2 11 -4 7 -3 -8 12 -11 -1 -6
right_child=1 6 5 -5 9 -7 8 -9 -10 10 -12 -13 -14
leaf_value=0.11843327419487291 -0.015949211675953905 0.042663490560497702 -0.0038456536089410999 0.0202212279979045 -0.048428244378556536 0.039621849434417739 0.046655195570312134 -0.0068539916390789879 -0.022544851758104219 0.071752949315785061 3.9319625580697657e-05 0.045336220139222956 0.022189505766498165
leaf_weight=6.1379566490650159 54.975329324603081 11.129118844866751 20.633133590221405 36.466981381177902 4.374771401286127 46.507729291915894 4.7058747410774222 59.304879188537598 155.65941020846367 9.9071021974086744 6.3678437322378185 5.7986052930355072 4.2321443110704422
leaf_count=27 267 55 98 178 21 223 23 296 779 45 31 26 20
internal_value=-3.39712e-05 -0.00410256 0.0102405 -0.00152452 0.0429944 0.0262638 -0.0139577 0.000970155 -0.0205142 0.0238391 0.0436938 0.0829238 -0.0137045
internal_weight=426.201 389.382 158.583 91.4423 36.8184 67.1409 230.799 70.434 160.365 24.8819 16.2749 11.9366 8.60692
internal_count=2089 1919 766 445 170 321 1153 351 802 117 76 53 41
is_linear=0
shrinkage=0.05


Tree=5
num_leaves=11
num_cat=0
split_feature=5 12 19 19 24 5 5 20 1 14
split_gain=26.5985 19.9416 10.9362 13.3081 10.1083 12.3454 8.28115 8.11641 7.88597 4.25693
threshold=53.000000000000007 1.8433686548257116 0.025532544683482379 0.022391136348616756 0.0011354400000000001 44.500000000000007 73.500000000000014 0.96992311171415657 0.01357037026966112 7.1344439386518514
decision_type=2 2 2 2 8 2 2 2 2 2
left_child=4 2 3 -2 5 -1 7 -3 -8 -7
right_child=1 6 -4 -5 -6 9 8 -9 -10 -11
leaf_value=-0.0073245720380312827 0.010092109588341043 0.0094158781616267527 0.081159426279614047 -0.069517809531426666 -0.022946955154434109 0.077356313443872504 0.043450092604714642 -0.032970833094110308 -0.02164250392586942 0.023630693291184442
leaf_weight=7.0601751953363445 148.61395357549191 56.331693962216377 5.1774524003267279 5.4417761564254752 5.4023126810789099 20.319215580821041 4.7978733032941809 14.126035258173941 154.0828849375248 4.5043346285819998
leaf_count=34 715 279 24 27 27 89 23 72 779 20
internal_value=-4.06201e-05 -0.00391145 0.0096822 0.00728001 0.0402988 0.051015 -0.0133497 0.000917787 -0.0196768 0.0676076
internal_weight=425.858 388.572 159.233 154.056 37.286 31.8837 229.338 70.4577 158.881 24.8236
internal_count=2089 1919 766 742 170 143 1153 351 802 109
is_linear=0
shrinkage=0.05


Tree=6
num_leaves=12
num_cat=0
split_feature=5 8 20 5 26 17 25 24 5 25 1
split_gain=23.7632 17.5986 9.36966 9.76716 9.01844 17.1283 12.2949 8.9424 10.7905 6.40974 6.09091
threshold=53.000000000000007 0.039528364990344685 0.96992311171415657 69.500000000000014 2.5000000000000004 -0.10574736304625441 0.00032765333333333344 0.0011354400000000001 44.500000000000007 0.00011738833333333334 0.01745419751549402
decision_type=2 2 2 2 2 2 10 8 2 10 2
left_child=7 4 3 -3 5 -2 -6 8 -1 -10 -4
right_child=1 2 10 -5 6 -7 -8 -9 9 -11 -12
leaf_value=-0.0069798115759109229 0.063355620227561221 0.011105549924861928 0.01713491185630257 -0.014208281966774537 0.031256171645965135 -0.0091543678013300753 -0.045101445212521643 -0.022031689776044881 0.046765941132391992 0.10201442138210991 -0.048821556782689755
leaf_weight=7.0390143841505042 9.1852084100246412 49.462790995836258 4.1016033291816738 165.96360266208649 57.466532975435257 71.872489482164383 5.8042747229337683 5.3468462079763404 17.850745052099231 7.4369031637907019 23.876934573054314
leaf_count=34 43 244 21 839 270 350 28 27 77 32 124
internal_value=-4.52213e-05 -0.00372881 -0.0119315 -0.00839612 0.0101047 -0.00093776 0.0242514 0.0378661 0.0477732 0.0630141 -0.0391525
internal_weight=425.407 387.733 243.405 215.426 144.329 81.0577 63.2708 37.6735 32.3267 25.2876 27.9785
internal_count=2089 1919 1228 1083 691 393 298 170 143 109 145
is_linear=0
shrinkage=0.05


Tree=7
num_leaves=14
num_cat=0
split_feature=5 12 26 17 6 3 5 10 22 9 8 3 7
split_gain=21.2713 16.6909 9.6815 15.4626 9.11166 8.31094 7.08626 7.25406 6.74692 6.4464 5.36629 4.25246 3.58333
threshold=53.000000000000007 1.8433686548257116 2.5000000000000004 -0.11564829900437611 -0.045348464945232585 0.18236412837672941 74.500000000000014 0.0099746375574062771 2.5000000000000004 0.20516756049866314 0.086600083227184058 0.40796218378141214 0.089929462429652843
decision_type=2 2 2 2 2 2 2 2 2 2 2 2 2
left_child=5 2 3 -2 -4 10 8 -8 -3 12 -1 -11 -7
right_child=1 6 4 -5 -6 9 7 -9 -10 11 -12 -13 -14
leaf_value=0.10052148503731494 0.070285404934488399 0.0057337332397683618 -0.0046691900843494737 -0.0076833225361803209 0.035016711669858293 -0.047997608528361019 0.032005586582354514 -0.020777587201755075 -0.042746331620980599 0.056890702141105857 0.035145179184200355 0.0048298968095042936 0.016209948748445425
leaf_weight=6.4915063828229886 6.8747448772191992 65.730037346482277 20.735876932740211 84.748296424746513 47.811857864260674 4.3230142742395419 6.812764346599578 146.1043119430542 8.0562097579240781 10.452901721000673 6.0775981694459915 6.278461977839469 4.3691234439611435
leaf_count=27 31 326 98 414 223 21 33 752 42 47 26 29 20
internal_value=-4.99996e-05 -0.00355595 0.00879961 -0.0018331 0.0230116 0.0356506 -0.0122854 -0.018426 0.00044053 0.0192077 0.0689098 0.0373548 -0.0157235
internal_weight=424.867 386.874 160.171 91.623 68.5477 37.9926 226.703 152.917 73.7862 25.4235 12.5691 16.7314 8.69214
internal_count=2089 1919 766 445 321 170 1153 785 368 117 53 76 41
is_linear=0
shrinkage=0.05


Tree=8
num_leaves=12
num_cat=0
split_feature=5 8 17 19 23 24 5 22 17 24 25
split_gain=19.0586 14.5248 8.27194 12.5992 9.5544 7.7761 8.4713 6.09456 12.1244 6.90211 6.02173
threshold=53.000000000000007 0.039528364990344685 -0.0073847346246118653 0.016723264955886052 7.7454893876362645 0.0011354400000000001 44.500000000000007 1.0000000180025095e-35 -0.0041342634698713345 0.00035037000000000008 0.00011738833333333334
decision_type=2 2 2 2 2 10 2 2 2 10 10
left_child=5 2 3 -2 -4 6 -1 8 -3 -9 -8
right_child=1 7 4 -5 -6 -7 10 9 -10 -11 -12
leaf_value=-0.0067860640348149925 -0.0071130442066954227 -0.04064243807362479 -0.014662770798245142 0.032680606460963053 0.045227188188047052 -0.026370946820545957 0.039806768656763844 -0.02339816874030512 0.0033954182619202293 0.014930521536711538 0.092368769115329277
leaf_weight=7.0168627053499213 83.816167637705803 18.363947466015816 8.9018575847148878 26.080104276537895 26.435766413807869 4.7365460693836203 18.859525144100193 104.18475785851479 104.96766518056393 13.237987473607062 7.6630717515945426
leaf_count=34 400 95 43 123 125 24 80 537 528 68 32
internal_value=-5.36759e-05 -0.00339081 0.00909715 0.00233061 0.0301404 0.0335991 0.0420683 -0.0109241 -0.00316177 -0.0190771 0.0549933
internal_weight=424.264 385.988 145.234 109.896 35.3376 38.276 33.5395 240.754 123.332 117.423 26.5226
internal_count=2089 1919 691 523 168 170 146 1228 623 605 112
is_linear=0
shrinkage=0.05


Tree=9
num_leaves=11
num_cat=0
split_feature=5 12 19 19 10 20 5 24 5 13
split_gain=17.1117 14.062 8.75119 12.1345 7.17744 6.93376 9.85799 5.14702 5.25072 4.62878
threshold=53.000000000000007 1.8433686548257116 0.025532544683482379 0.022391136348616756 0.011890623167703422 0.96992311171415657 70.500000000000014 0.0011354400000000001 44.500000000000007 5.1876438229560913
decision_type=2 2 2 2 2 2 2 10 2 2
left_child=4 2 3 -2 -1 6 -3 8 -6 -7
right_child=1 5 -4 -5 7 9 -8 -9 -10 -11
leaf_value=0.086715212516882134 0.0084943325077674742 0.010854759425803913 0.070517623480921998 -0.068452713907121349 -0.0064653468523625905 -0.049797738498760409 -0.014685078007945532 -0.025368407420925956 0.04335353792462928 -0.0040391473894445468
leaf_weight=5.1426364183425894 150.19684857130051 50.777857437729836 5.4170909821987143 5.3045850545167914 6.9972059726715115 17.890234053134922 147.63253335654736 4.6790362000465384 21.664491981267929 7.9970923960208884
leaf_count=21 715 250 24 27 34 96 764 24 91 43
internal_value=-5.67884e-05 -0.00323273 0.00804574 0.00586946 0.0317342 -0.0113243 -0.00814884 0.0232536 0.0311912 -0.035662
internal_weight=423.7 385.216 160.919 155.501 38.4834 224.298 198.41 33.3407 28.6617 25.8873
internal_count=2089 1919 766 742 170 1153 1014 149 125 139
is_linear=0
shrinkage=0.05


Tree=10
num_leaves=13
num_cat=0
split_feature=5 12 26 17 23 6 8 3 4 19 1 8
split_gain=15.3852 12.7373 8.50272 12.8803 8.30643 6.98504 10.2535 7.26923 6.84511 11.3542 7.2327 3.63904
threshold=53.000000000000007 1.8433686548257116 2.5000000000000004 -0.11564829900437611 8.3073337664712117 0.011951686571681776 0.17329951262126278 0.33348870821635973 0.45393939393939398 0.0088554026000132371 0.065285493779016365 0.075449475042626918
decision_type=2 2 2 2 2 2 2 2 2 2 2 2
left_child=5 2 3 -2 -4 -1 11 -8 9 -3 -10 -7
right_child=1 8 4 -5 -6 6 7 -9 10 -11 -12 -13
leaf_value=-0.030290518117758337 0.062263624162580834 0.014344395929603102 0.0054889514230239238 -0.0077804543129960674 0.040321627817731548 0.099963538471284641 -0.044423298135211522 0.02973499987533916 -0.024352761113667073 -0.015579082677827504 0.044746711940223276 0.049651330067163109
leaf_weight=4.2707685828208914 7.1139672398567191 53.049372106790543 38.881640493869781 84.793107390403748 30.572915643453598 4.9421474784612682 4.6152022033929851 11.635999783873556 87.253595143556595 78.775484994053841 3.9587786197662345 13.175437718629835
leaf_count=20 31 270 181 414 140 20 21 53 452 411 20 56
internal_value=-5.86421e-05 -0.00308177 0.0076188 -0.00235877 0.0208218 0.0300165 0.0375104 0.00867468 -0.0108234 -0.00353718 -0.0213537 0.0633756
internal_weight=423.038 384.399 161.362 91.9071 69.4546 38.6396 34.3688 16.2512 223.037 131.825 91.2124 18.1176
internal_count=2089 1919 766 445 321 170 150 74 1153 681 472 76
is_linear=0
shrinkage=0.05


Tree=11
num_leaves=12
num_cat=0
split_feature=5 9 9 18 20 11 5 23 17 7 23
split_gain=13.9117 11.5731 11.4599 8.25894 10.9726 7.43364 12.2916 7.05816 6.80099 6.58596 6.1695
threshold=57.500000000000007 -0.076487883304233936 -0.097298201422095096 0.21403171978267824 0.16289926289926293 0.88989903681277471 73.500000000000014 9.8784431931031751 0.06346536551657779 -0.058468293772214817 8.1985831877369169
decision_type=2 2 2 2 2 2 2 2 2 2 2
left_child=3 2 10 4 -1 6 -3 -7 -6 -4 -2
right_child=1 5 9 -5 8 7 -8 -9 -10 -11 -12
leaf_value=-0.025815060866951942 -0.011081689426707371 0.040815827696023183 0.10256984722462742 -0.028299313380962268 0.051066616248498599 -0.015034995306077806 -0.00950228486991311 0.034023018521047201 0.0066654684367247049 0.024775070329145596 0.016176617717439522
leaf_weight=7.6362519562244406 35.311887204647064 18.296233206987381 4.8659451305866241 7.0233610272407523 32.073831260204315 205.16867676377296 36.050957873463631 7.6035360693931571 11.796146929264067 6.1704862713813764 50.36670483648777
leaf_count=37 168 88 23 35 141 1058 182 37 55 29 236
internal_value=-6.09477e-05 -0.00370054 0.0111195 0.0225637 0.0294993 -0.00906638 0.00743754 -0.0132819 0.0391276 0.0590747 0.00494228
internal_weight=422.364 363.834 96.715 58.5296 51.5062 267.119 54.3472 212.772 43.87 11.0364 85.6786
internal_count=2089 1821 456 268 233 1365 270 1095 196 52 404
is_linear=0
shrinkage=0.05


Tree=12
num_leaves=13
num_cat=0
split_feature=5 13 23 26 17 16 18 7 23 2 5 16
split_gain=12.5081 11.5222 7.88032 8.91805 7.7249 10.426 9.22416 8.07118 6.92614 6.46437 7.79121 6.10597
threshold=57.500000000000007 3.1093880083991232 7.739693638453506 2.5000000000000004 -0.011434927046463981 0.051315225408377969 0.21403171978267824 0.089201262135204976 7.4799569958077141 0.79282154954886341 72.500000000000014 -0.0060287957063813727
decision_type=2 2 2 2 2 2 2 2 2 2 2 2
left_child=4 2 8 -4 7 6 -6 -1 -2 11 -11 -3
right_child=1 9 3 -5 5 -7 -8 -9 -10 10 -12 -13
leaf_value=-0.053817742687783436 0.028138043088534515 -0.044167119091563685 -0.00084126993628522325 0.023588817941311319 0.046300904583386697 -0.039311485831583642 -0.024240233413160488 0.034563951721155825 -0.029557625585773236 0.025253837322964275 -0.01098988726115081 -0.014373152597278028
leaf_weight=6.2360348105430585 6.5810635089874294 21.741960406303406 83.694375202059746 67.47060538828373 37.958611503243446 4.893714413046836 5.2787483483552924 4.4098850935697556 24.817589670419693 20.124034062027931 56.342172235250473 82.25284780561924
leaf_count=31 32 115 409 314 166 25 26 20 123 101 300 427
internal_value=-6.33746e-05 -0.00352793 0.0053284 0.0100628 0.0213348 0.0298597 0.0376887 -0.0172072 -0.0174648 -0.0124874 -0.00145143 -0.0206021
internal_weight=421.802 363.025 182.564 151.165 58.777 48.1311 43.2374 10.6459 31.3987 180.461 76.4662 103.995
internal_count=2089 1821 878 723 268 217 192 51 155 943 401 542
is_linear=0
shrinkage=0.05


Tree=13
num_leaves=12
num_cat=0
split_feature=26 8 10 8 17 18 7 27 10 20 13
split_gain=11.4628 9.59333 9.13314 12.5145 7.86449 6.80753 12.8646 8.43281 5.34023 8.35443 3.0748
threshold=1.5000000000000002 0.18425457437845594 0.053166502095498315 -0.1739766950134187 -0.11564829900437611 -0.03361296225229448 -0.025758871463302909 5.5000000000000009 0.040049781355924012 0.52027397260273978 3.6974279203124811
decision_type=2 2 2 2 2 2 2 2 2 2 2
left_child=4 2 3 -2 -1 7 -7 -6 10 -10 -3
right_child=1 8 -4 -5 5 6 -8 -9 9 -11 -12
leaf_value=0.044161168360146379 -0.034364747262896907 -0.05937973734617788 0.075297615503141249 0.01444408456116893 -0.035600028576755469 0.027730539081132807 -0.013375355481730506 0.040361053476480301 -0.034189058283671102 0.025269070582970135 -0.017782852895429021
leaf_weight=6.5321674793958655 14.264561533927916 5.388694345951083 5.6204141974449149 165.51477979123592 40.072509914636612 23.272349029779434 104.51094490289688 4.0202281326055518 8.847608759999277 17.781094521284103 25.303389236330986
leaf_count=29 67 28 26 793 202 112 546 20 46 90 130
internal_value=-6.59659e-05 0.00700637 0.0125335 0.0105714 -0.00968773 -0.0117343 -0.005889 -0.0286742 -0.0108708 0.00551361 -0.0250861
internal_weight=421.129 242.721 185.4 179.779 178.408 171.876 127.783 44.0927 57.3208 26.6287 30.6921
internal_count=2089 1180 886 860 909 880 658 222 294 136 158
is_linear=0
shrinkage=0.05


Tree=14
num_leaves=12
num_cat=0
split_feature=5 8 23 20 13 18 20 8 7 22 10
split_gain=11.1461 10.2791 7.21887 9.22764 6.69334 6.66537 8.69677 6.61576 6.48098 6.07737 5.66862
threshold=57.500000000000007 0.12708048811491326 7.938756203120418 0.94533001245330028 3.2346221549854834 0.21403171978267824 0.16289926289926293 0.17659787810774116 0.14639174145747816 1.0000000180025095e-35 0.02897637106103429
decision_type=2 2 2 2 2 2 2 2 2 2 2
left_child=5 2 4 -4 -2 6 -1 -8 9 -3 -10
right_child=1 8 3 -5 -6 -7 7 -9 10 -11 -12
leaf_value=-0.023789846703197004 -0.0012733910966217655 -0.0099325708085525599 0.012512146780878886 -0.02729034589351699 -0.035132349974685277 -0.026241593500366974 0.04831946581712418 0.0076263773886143353 -0.055363251505015358 -0.039163228252802641 0.0035681020686602356
leaf_weight=7.4549361914396277 56.12912605702877 34.724252209067345 147.47685016691685 16.156946510076523 19.72558169066906 6.857290804386138 29.52159158885479 15.095109790563582 4.4709240347146979 36.445042803883553 46.741647467017174
leaf_count=37 274 182 709 85 102 35 127 69 24 196 249
internal_value=-6.84865e-05 -0.00335233 0.00267171 0.00858211 -0.0100782 0.0200969 0.0261992 0.0345518 -0.0151407 -0.0249013 -0.00157668
internal_weight=420.799 361.87 239.489 163.634 75.8547 58.9289 52.0716 44.6167 122.382 71.1693 51.2126
internal_count=2089 1821 1170 794 376 268 233 196 651 378 273
is_linear=0
shrinkage=0.05


Tree=15
num_leaves=12
num_cat=0
split_feature=26 4 20 17 17 19 19 4 17 9 25
split_gain=10.2082 8.89648 7.05558 10.6997 6.93439 7.20973 14.6229 5.87123 7.16161 5.04421 2.48178
threshold=1.5000000000000002 0.57128205128205145 0.98112535612535623 0.048286217657712356 -0.11564829900437611 0.0087629289071145724 0.0079094042719120242 0.59850746268656729 0.0062660106845582328 -0.23932362776267399 8.5786666666666677e-05
decision_type=2 2 2 2 2 2 2 2 2 2 10
left_child=4 2 3 -2 -1 6 -6 -3 -9 -7 -4
right_child=1 7 10 -5 5 9 -8 8 -10 -11 -12
leaf_value=0.041011721953549768 0.0078825478625761166 -0.052055785449268491 -0.057885424221400639 0.037979865754828306 -0.0092732176404961234 -0.053054966100934436 0.054064858923675352 0.012617593918144208 -0.020949504223895143 -0.015232937774136548 -0.0022812257648420907
leaf_weight=6.6197444200515738 125.73964470624924 6.9354411363601676 4.4540072530508024 38.592773765325546 45.794457152485847 9.6341366022825223 11.376437798142431 32.870241925120354 30.759667158126831 103.73563855886459 3.6522133052349091
leaf_count=29 602 33 24 186 233 49 58 162 154 540 19
internal_value=-6.99474e-05 0.00658449 0.0127045 0.0149508 -0.00919758 -0.0111465 0.00333043 -0.00837077 -0.00360925 -0.018447 -0.0328333
internal_weight=420.164 243.004 172.439 164.332 177.16 170.541 57.1709 70.5654 63.6299 113.37 8.10622
internal_count=2089 1180 831 788 909 880 291 349 316 589 43
is_linear=0
shrinkage=0.05


Tree=16
num_leaves=12
num_cat=0
split_feature=5 20 4 24 5 6 12 6 14 6 17
split_gain=10.1567 10.356 8.25504 6.4162 6.10476 5.80689 7.85117 7.86334 5.03244 5.78175 1.40939
threshold=53.000000000000007 0.96992311171415657 0.57128205128205145 0.00094251500000000011 60.500000000000007 0.011951686571681776 2.2209663572037717 0.032438508847888077 6.1399401187902063 0.068529687950734233 0.0320745069352757
decision_type=2 2 2 8 2 2 2 2 2 2 2
left_child=5 2 4 -4 -2 -1 -7 -8 10 -10 -3
right_child=1 8 3 -5 -6 6 7 -9 9 -11 -12
leaf_value=-0.031202797350902131 0.029011160876909359 -0.021940965682690342 -0.0094483695966275927 -0.067656018451606237 0.0020744474860040652 0.084578883301921357 0.06973073538322519 0.0067482438561145153 0.031985577047541909 -0.04402361532442714 -0.057770069288882064
leaf_weight=4.218676194548606 23.163914948701859 3.4982480108738008 97.699099510908127 4.9754207432270041 228.74206112325191 5.6996539235115042 6.329380780458453 22.834548830986023 5.1434291601181013 4.8714952766895294 12.742554336786268
leaf_count=20 110 20 500 26 1135 24 26 100 29 28 71
internal_value=-7.17902e-05 -0.00256285 -0.000319219 -0.012269 0.0045514 0.0242023 0.0309066 0.0204172 -0.0328629 -0.00498709 -0.0500525
internal_weight=419.918 380.836 354.58 102.675 251.906 39.0823 34.8636 29.1639 26.2557 10.0149 16.2408
internal_count=2089 1919 1771 526 1245 170 150 126 148 57 91
is_linear=0
shrinkage=0.05


Tree=17
num_leaves=14
num_cat=0
split_feature=5 13 27 11 17 19 2 17 8 20 7 27 4
split_gain=9.17689 9.24063 6.72836 11.0409 10.0033 6.54949 6.72705 6.50124 7.84464 7.26255 6.85485 5.07636 4.99613
threshold=57.500000000000007 3.1093880083991232 2.5000000000000004 0.59873594573766342 -0.13214893214633514 0.0050577991225798551 0.51951027036346631 -0.011434927046463981 0.062052007944934935 0.98019607843137269 0.089201262135204976 1.5000000000000002 0.42121588089330031
decision_type=2 2 2 2 2 2 2 2 2 2 2 2 2
left_child=7 2 3 -2 -4 11 -7 10 12 -10 -1 -3 -9
right_child=1 5 4 -5 -6 6 -8 8 9 -11 -12 -13 -14
leaf_value=-0.052145577710419361 0.070085141012972044 -0.009788565517298245 0.068616308060721942 -0.010295041252782116 0.0089667137907041058 -0.025617499722878818 -0.0052365789667626478 0.094417424922043108 0.027630047643214153 -0.023518056842762168 0.029440501473840065 0.064825309741693316 0.024813160424021149
leaf_weight=6.0491022765636426 4.5225798785686484 4.2760182470083219 7.6003436893224707 77.157152205705643 93.434513255953789 67.698043584823608 100.72783051431179 5.9365828186273557 28.937716662883759 9.1297730654478055 4.4822986721992493 4.8824104070663452 4.5571944117546082
leaf_count=31 21 22 32 372 453 362 534 25 128 44 20 25 20
internal_value=-7.19616e-05 -0.00306728 0.00482686 -0.00584442 0.0134539 -0.0111895 -0.0134286 0.0181911 0.0259143 0.0153631 -0.0174215 0.0299885 0.06419
internal_weight=419.392 360.299 182.715 81.6797 101.035 177.584 168.426 59.0927 48.5613 38.0675 10.5314 9.15843 10.4938
internal_count=2089 1821 878 393 485 943 896 268 217 172 51 47 45
is_linear=0
shrinkage=0.05


Tree=18
num_leaves=14
num_cat=0
split_feature=26 8 13 14 8 16 17 20 19 12 25 20 19
split_gain=9.0012 7.77613 7.81513 7.7609 6.09885 7.65276 8.53296 5.31616 5.33951 5.29975 4.78333 7.9641 6.51856
threshold=1.5000000000000002 0.18425457437845594 6.306319800261833 4.9321538109383907 -0.15416543453032092 -0.009155633896405389 -0.095573370933286647 0.037241379310344831 0.013363195519547323 -2.1269739650336725 0.00052422444444444468 0.76235294117647068 0.0078372645372262444
decision_type=2 2 2 2 2 2 2 2 2 2 10 2 2
left_child=4 2 3 -2 5 6 -1 8 -6 -9 12 -12 -3
right_child=1 10 -4 -5 7 -7 -8 9 -10 -11 11 -13 -14
leaf_value=0.046241412547688439 0.01789276196491495 0.022055176454687075 0.068637580767841475 -0.0031825170159676093 -0.059556788108383142 0.074251749750608595 -0.035365442516492714 0.020209255341331642 0.00093570971267002863 -0.011944955458334378 0.041765083995889407 -0.029969181990114266 -0.028966775370263743
leaf_weight=5.5975340753793725 106.74403046071529 7.7371238321065894 5.7185195535421363 73.940694779157639 10.694135576486589 4.6440765261650077 7.4886255860328683 14.247320532798765 5.5363625138998023 127.47413837909698 9.6439703851938265 6.4616951495409003 32.790827870368958
leaf_count=25 506 40 26 354 54 21 38 69 27 675 48 33 173
internal_value=-7.30347e-05 0.00615981 0.0110896 0.00926823 -0.00869549 0.0191103 -0.000458551 -0.0118167 -0.0389223 -0.00871248 -0.010066 0.0129848 -0.0192263
internal_weight=418.719 243.037 186.403 180.685 175.682 17.7302 13.0862 157.952 16.2305 141.721 56.6336 16.1057 40.528
internal_count=2089 1180 886 860 909 84 63 825 81 744 294 81 213
is_linear=0
shrinkage=0.05


Tree=19
num_leaves=13
num_cat=0
split_feature=5 8 7 10 16 10 17 16 3 25 22 10
split_gain=8.33823 8.13548 6.0796 6.07355 13.8795 7.15267 5.75667 8.06634 6.33816 6.20353 5.61991 5.37518
threshold=57.500000000000007 0.12708048811491326 0.14639174145747816 0.03435855743794148 -0.003813070442802768 0.020675697483106239 -0.011434927046463981 0.051315225408377969 0.30940465660276711 9.4166111111111122e-05 1.0000000180025095e-35 0.02897637106103429
decision_type=2 2 2 2 2 2 2 2 2 8 2 2
left_child=6 3 10 5 -5 -2 8 9 -1 -8 -3 -4
right_child=1 2 11 4 -6 -7 7 -9 -10 -11 -12 -13
leaf_value=-0.052087363630706901 0.0064871326348567753 -0.0087438566135190909 -0.053813694057589914 0.003493392996977969 0.082612375761418472 -0.012622377568159749 0.049197875050535717 -0.037612835596821659 0.02640631248557139 0.011608406186730327 -0.037195197364123599 0.0046092038630185239
leaf_weight=5.6693409979343397 132.60492807626724 34.242008239030838 4.3036220222711554 21.565426722168926 7.4607990831136695 77.637081131339073 22.924861818552021 4.7151671200990668 4.7070223689079285 21.058596312999722 35.197451397776604 46.216453090310097
leaf_count=29 646 182 24 101 37 386 97 25 22 95 196 249
internal_value=-7.47056e-05 -0.00293742 -0.0135642 0.00239042 0.0238299 -0.000569528 0.0173331 0.0245379 -0.0164803 0.0312006 -0.0231653 -0.000367631
internal_weight=418.303 359.228 119.96 239.268 29.0262 210.242 59.075 48.6986 10.3764 43.9835 69.4395 50.5201
internal_count=2089 1821 651 1170 138 1032 268 217 51 192 378 273
is_linear=0
shrinkage=0.05


Tree=20
num_leaves=13
num_cat=0
split_feature=26 5 1 12 17 5 8 1 20 5 19 17
split_gain=7.94438 9.0943 8.5883 8.79446 7.67979 14.1731 5.44718 6.71721 4.91073 6.36746 5.0494 4.71678
threshold=1.5000000000000002 67.500000000000014 0.01357037026966112 3.0564190940745042 -0.065309356146525652 64.500000000000014 -0.15416543453032092 0.066450676978527981 0.037241379310344831 74.500000000000014 0.013363195519547323 -0.08207212004188412
decision_type=2 2 2 2 2 2 2 2 2 2 2 2
left_child=6 4 -3 -4 -2 -6 7 11 10 -10 -8 -1
right_child=1 2 3 -5 5 -7 8 -9 9 -11 -12 -13
leaf_value=0.077556724886487349 -0.036665446424821516 0.058395579607629568 0.0040870500634834018 -0.022449663462932312 0.017833521891223683 0.095725934883183109 -0.058104489175622033 -0.028377545905544144 0.0052130508935768214 -0.016637114286627175 0.0010445513306899105 0.014004787275027698
leaf_weight=4.7374320924282083 5.3709260523319236 5.9859352856874457 124.57705572247505 41.663279578089714 59.173692613840103 6.4794798195362082 10.372254341840742 5.4209776967763892 54.241113424301147 86.537595897912979 5.5328295528888694 7.6089604943990716
leaf_count=21 26 27 605 223 269 30 54 26 270 474 27 37
internal_value=-7.59907e-05 0.00576353 -0.00044489 -0.0025636 0.0208183 0.0255209 -0.00821847 0.0180188 -0.0111937 -0.00821839 -0.0375286 0.0383903
internal_weight=417.702 243.25 172.226 166.24 71.0241 65.6532 174.451 17.7674 156.684 140.779 15.9051 12.3464
internal_count=2089 1180 855 828 325 299 909 84 825 744 81 58
is_linear=0
shrinkage=0.05


Tree=21
num_leaves=13
num_cat=0
split_feature=26 5 9 17 5 25 8 8 9 16 3 3
split_gain=7.18793 8.13872 7.23537 6.99515 10.9505 6.46595 6.22293 4.92545 7.17844 6.58818 7.33994 4.01873
threshold=1.5000000000000002 67.500000000000014 -0.076487883304233936 -0.08207212004188412 64.500000000000014 0.0004800844444444445 -0.13565168531471247 -0.15416543453032092 -0.23221984409703525 -0.009155633896405389 0.54933362118825024 0.31192405056687522
decision_type=2 2 2 2 2 10 2 2 2 2 2 2
left_child=7 3 6 -2 -5 -4 -3 9 -9 10 -1 -10
right_child=1 2 5 4 -6 -7 -8 8 11 -11 -12 -13
leaf_value=0.023925341819885561 -0.044719436903697209 -0.0041916663244423282 -0.011879337216497671 0.016652177055755956 0.083128406323068171 0.017719090777845732 0.03288207411571141 -0.066477985998214958 -0.013375241719682757 0.067320174269152031 -0.056924062046604745 0.0054763627434260996
leaf_weight=8.9890166819095629 3.9852704107761374 20.216952845454216 103.69594526290894 60.563757210969925 6.9009132832288733 22.445611715316772 25.716977939009666 5.56248815357685 112.44290009140968 4.771408036351203 4.0820454955101004 37.765396982431412
leaf_count=42 20 92 534 274 31 114 115 30 593 21 21 202
internal_value=-7.73925e-05 0.00546441 -0.000425618 0.0196496 0.023452 -0.0066126 0.0165648 -0.00785082 -0.0107011 0.017033 -0.00132363 -0.00863557
internal_weight=417.139 243.525 172.075 71.4499 67.4647 126.142 45.9339 173.613 155.771 17.8425 13.0711 150.208
internal_count=2089 1180 855 325 305 648 207 909 825 84 63 795
is_linear=0
shrinkage=0.05


Tree=22
num_leaves=12
num_cat=0
split_feature=5 20 25 4 6 6 14 19 5 16 20
split_gain=6.88585 8.75876 8.61066 7.05155 5.20137 6.86329 4.92907 6.01271 3.09363 1.42745 0.691925
threshold=53.000000000000007 0.96992311171415657 0.0016414077777777778 0.57128205128205145 0.011951686571681776 0.030571166977181988 6.1399401187902063 0.013536395725167341 45.500000000000007 0.033655169180605966 0.62102564102564117
decision_type=2 2 8 2 2 2 2 2 2 2 2
left_child=4 2 3 -2 -1 -6 9 -8 -7 -3 -4
right_child=1 6 10 -5 5 8 7 -9 -10 -11 -12
leaf_value=-0.032975367728240008 0.0056702751436396824 -0.027524808577446869 -0.036668117784328394 -0.010143250068562499 0.06463199837777793 -0.020140135135464809 0.029236812261310075 -0.050991826596111116 0.022151597671671977 -0.059308815876538572 -0.065367588911747654
leaf_weight=4.1660094559192649 244.61663630604744 5.448949649930003 4.5222195833921415 99.038471758365631 8.6996905952692014 5.448163807392123 5.8592494577169401 3.8830200880765915 20.958571761846542 10.04394146800041 3.9211825132369995
leaf_count=20 1213 32 23 513 36 25 34 23 89 59 22
internal_value=-7.8247e-05 -0.00215205 -0.000112661 0.00111295 0.019847 0.0261154 -0.030607 -0.00274028 0.0134261 -0.0481302 -0.0499964
internal_weight=416.606 377.334 352.099 343.655 39.2724 35.1064 25.2352 9.74227 26.4067 15.4929 8.4434
internal_count=2089 1919 1771 1726 170 150 148 57 114 91 45
is_linear=0
shrinkage=0.05


Tree=23
num_leaves=12
num_cat=0
split_feature=5 13 19 22 16 15 1 17 16 16 13
split_gain=6.41715 6.70025 7.46607 6.75518 9.55125 9.27284 6.73583 6.31647 5.94105 9.69816 3.56859
threshold=60.500000000000007 3.1093880083991232 0.0050577991225798551 1.5000000000000002 -0.018173760231468879 8.5000000000000018 0.066450676978527981 0.14289387218689689 -0.032768770677960461 -0.01933313267385461 4.0694115339117358
decision_type=2 2 2 2 2 2 2 2 2 2 2
left_child=7 3 10 4 -2 -5 -4 8 -1 -10 -3
right_child=1 2 6 5 -6 -7 -8 -9 9 -11 -12
leaf_value=-0.028156684823691238 -0.0057375329550201542 0.0020851664976972279 -0.014726428030475747 0.018961190092058662 0.025244510384179266 -0.020257172659000684 0.049116739002356517 -0.045251449698258284 0.075518707395555384 0.013994896869587537 0.066198569454325076
leaf_weight=6.9618373811244956 43.477508097887039 4.2681028693914396 149.62351869046688 21.807248800992966 58.142844334244728 48.800846427679062 4.2487628906965247 4.4701969772577277 7.1341681927442542 62.700177073478699 4.4159965068101883
leaf_count=36 205 22 816 106 282 237 22 25 32 284 22
internal_value=-7.76431e-05 -0.00313707 -0.0104179 0.00373491 0.0119891 -0.00814462 -0.0129636 0.012526 0.0158891 0.0202801 0.0346878
internal_weight=416.051 334.785 162.556 172.228 101.62 70.6081 153.872 81.2664 76.7962 69.8343 8.6841
internal_count=2089 1712 882 830 487 343 838 377 352 316 44
is_linear=0
shrinkage=0.05


Tree=24
num_leaves=10
num_cat=0
split_feature=26 11 5 23 8 17 18 13 27
split_gain=6.37523 7.12501 7.73284 6.55657 5.16726 4.5441 6.03743 10.2472 7.09192
threshold=1.5000000000000002 0.59873594573766342 57.500000000000007 7.8832698608527343 0.17659787810774116 -0.11564829900437611 -0.03361296225229448 2.7787495370260058 5.5000000000000009
decision_type=2 2 2 2 2 2 2 2 2
left_child=5 -2 4 -4 -3 -1 8 -8 -7
right_child=1 2 3 -5 -6 6 7 -9 -10
leaf_value=0.032715380695488537 0.057652558840741198 0.038702470598445636 -0.014214496918343356 0.0056749184837343661 0.00029526874048203567 -0.03214853255799232 0.018049094420934719 -0.013132959798955877 0.037432427384592147
leaf_weight=6.7691839784383765 6.2907166779041281 23.737017065286636 58.737517327070236 140.66713120043278 13.87714973092079 37.998819917440414 38.112841904163361 85.347392186522484 4.052600070834159
leaf_count=29 28 102 298 688 64 202 187 471 20
internal_value=-7.84618e-05 0.00513258 0.00373864 -0.000183796 0.0245327 -0.00743793 -0.00908014 -0.00350689 -0.0254428
internal_weight=415.59 243.31 237.019 199.405 37.6142 172.281 165.512 123.46 42.0514
internal_count=2089 1180 1152 986 166 909 880 658 222
is_linear=0
shrinkage=0.05


Tree=25
num_leaves=12
num_cat=0
split_feature=5 20 25 14 24 14 19 5 25 17 24
split_gain=5.52842 7.88385 7.9517 6.17669 5.00514 4.81187 5.55574 4.01167 4.78525 1.46063 1.11272
threshold=53.000000000000007 0.96992311171415657 0.0016414077777777778 6.3663584650568872 0.0011354400000000001 6.1399401187902063 0.013536395725167341 45.500000000000007 0.00011266944444444448 0.0320745069352757 0.0015553200000000002
decision_type=2 2 8 2 8 2 2 2 8 2 10
left_child=4 2 3 -2 7 9 -7 -1 -9 -3 -4
right_child=1 5 10 -5 -6 6 -8 8 -10 -11 -12
leaf_value=-0.0060281725923447653 0.0045088002378503916 -0.017373787469428768 -0.028744218960732162 -0.012223681534268423 -0.026257464962787865 0.028549302216300698 -0.04949839646276382 0.020930543718746444 0.06857543365479675 -0.055171378577862411 -0.065709358141533877
leaf_weight=7.952166572213172 273.83879931271076 3.2656837999820736 3.7714908868074399 69.063907295465469 5.5421791821718207 5.8917531073093397 3.7196746468544006 18.370988756418232 7.3899397999048224 11.760411277413366 4.4237510710954666
leaf_count=38 1364 20 20 362 27 34 23 75 30 71 25
internal_value=-7.78007e-05 -0.00194315 -2.45549e-05 0.00113872 0.0177765 -0.0292841 -0.00165558 0.0250154 0.0345983 -0.0469567 -0.0486978
internal_weight=414.991 375.735 351.098 342.903 39.2553 24.6375 9.61143 33.7131 25.7609 15.0261 8.19524
internal_count=2089 1919 1771 1726 170 148 57 143 105 91 45
is_linear=0
shrinkage=0.05


Tree=26
num_leaves=13
num_cat=0
split_feature=26 16 5 24 16 16 7 27 5 16 5 12
split_gain=5.85452 9.78165 9.83091 12.0028 7.56287 5.40399 11.8372 13.0365 7.65833 7.54921 12.9006 4.44806
threshold=3.5000000000000004 -0.057111641679977503 74.500000000000014 0.00084848500000000006 0.0058008343412021554 -0.033389602164036518 -0.022981632179993713 1.5000000000000002 53.000000000000007 -0.053816447289357854 72.500000000000014 2.1852296959353876
decision_type=2 2 2 10 2 2 2 2 2 2 2 2
left_child=5 -2 3 -3 -4 9 7 -7 -8 10 -1 -11
right_child=1 2 4 -5 -6 6 8 -9 -10 11 -12 -13
leaf_value=-0.060410001082615884 0.06526969952236171 0.027608505221233454 -0.021357907552655098 -0.058656541671376475 0.011857812256834074 -0.013630584860118922 0.020587986874863379 0.038495010276610057 -0.010845897055624798 -0.0537237326507242 0.024586184142600429 0.0037651116528575161
leaf_weight=6.2775002717971811 7.1908531635999671 51.816040143370628 40.150520741939545 4.3725830763578406 29.898609548807144 18.696759790182114 21.967700079083443 33.46335905790329 164.27792997658253 16.619152531027797 15.455607458949089 4.2188131511211386
leaf_count=33 32 236 194 22 157 90 94 155 894 86 73 23
internal_value=-7.69912e-05 0.00854711 0.00531603 0.0208954 -0.00718066 -0.00417235 -0.00124219 0.0198106 -0.00713827 -0.0205818 3.5458e-05 -0.0420847
internal_weight=414.405 133.429 126.238 56.1886 70.0491 280.977 238.406 52.1601 186.246 42.5711 21.7331 20.838
internal_count=2089 641 609 258 351 1448 1233 245 988 215 106 109
is_linear=0
shrinkage=0.05


Tree=27
num_leaves=13
num_cat=0
split_feature=10 10 17 19 12 12 2 1 18 4 2 14
split_gain=4.92854 11.2493 11.5393 7.74102 9.34046 6.79493 7.90746 8.26934 7.60723 5.32448 5.24943 2.78752
threshold=0.02180803540721685 0.030615206702932041 -0.066368331088704643 0.0085855543043252183 2.1412366284903936 -3.483404808690004 0.38876052690023782 0.02695918373420117 0.018305548613242632 0.66894977168949776 0.48112274650600989 4.699729370381557
decision_type=2 2 2 2 2 2 2 2 2 2 2 2
left_child=5 2 11 9 -5 -1 8 -8 -7 -3 -4 -2
right_child=1 3 10 4 -6 6 7 -9 -10 -11 -12 -13
leaf_value=-0.043901006022806242 0.0090086709455158686 0.048261310999521689 -0.034635791186589056 0.018532655778181709 -0.011502357232159631 -0.013010191340121994 0.0084519603736442784 0.043611146388339551 0.014501057449654717 -0.0095610941526791185 -0.010164463081226999 0.066322040756503289
leaf_weight=6.5772323310375205 4.2325200438499433 14.932629346847536 47.35252945125103 40.498659059405327 71.736853748559952 58.461136907339096 50.25817297399044 25.063908755779266 44.068523481488228 5.4286872148513785 40.794458016753197 4.2535847723484039
leaf_count=31 20 78 247 193 386 281 246 123 216 31 217 20
internal_value=-7.92755e-05 -0.00497466 -0.0179494 0.00448102 -0.000664631 0.00600528 0.0078509 0.0201514 -0.00118551 0.0328448 -0.0233105 0.0377365
internal_weight=413.659 229.23 96.6331 132.597 112.236 184.429 177.852 75.3221 102.53 20.3613 88.147 8.4861
internal_count=2089 1192 504 688 579 897 866 369 497 109 464 40
is_linear=0
shrinkage=0.05


Tree=28
num_leaves=12
num_cat=0
split_feature=5 9 9 17 7 10 2 11 4 8 7
split_gain=4.69855 5.69869 8.79562 7.84492 6.75993 6.0907 5.42802 7.61135 5.343 5.22124 4.94044
threshold=57.500000000000007 -0.076487883304233936 -0.097298201422095096 -0.020637655136896523 -0.026954749392281482 0.034847800441735882 0.095270538221343556 0.80165312619836293 0.23956521739130437 -0.078341778040156726 -0.058468293772214817
decision_type=2 2 2 2 2 2 2 2 2 2 2
left_child=6 2 8 5 -5 -3 -1 -8 -2 -9 -4
right_child=1 3 10 4 -6 -7 7 9 -10 -11 -12
leaf_value=0.053928037499572867 0.015079399999826968 -0.038761758083161631 0.085105394965651837 0.042765740286374851 -0.0038345051504707372 -0.0015278527553704228 -0.058424013384599009 -0.038814544963674077 -0.0098534156693310497 0.018236219777991731 0.019395121139889029
leaf_weight=7.1204169988632193 42.697118327021599 29.064895555377007 5.2051330357789993 8.0938103795051557 202.17620089650154 17.654706627130508 4.0520081818103781 4.4196927845478049 43.255785524845123 43.308718949556351 6.3502696156501752
leaf_count=32 197 149 23 37 1082 97 21 22 207 193 29
internal_value=-8.08295e-05 -0.00225364 0.00803807 -0.00615857 -0.00204075 -0.0246916 0.0129963 0.00736773 0.00253196 0.0129533 0.0489943
internal_weight=413.399 354.498 97.5083 256.99 210.27 46.7196 58.9008 51.7804 85.9529 47.7284 11.5554
internal_count=2089 1821 456 1365 1119 246 268 236 404 215 52
is_linear=0
shrinkage=0.05


Tree=29
num_leaves=14
num_cat=0
split_feature=26 4 1 10 4 17 19 19 9 19 19 18 17
split_gain=5.42327 6.18867 9.05508 5.97429 5.83294 6.8371 3.96812 12.5794 9.17776 6.23261 8.97693 6.437 6.17209
threshold=1.5000000000000002 0.57128205128205145 0.01357037026966112 0.0089272686203324247 0.59850746268656729 0.0062660106845582328 0.0087629289071145724 0.0079094042719120242 0.05548452776970305 0.013171663585396435 0.013605037585747539 -0.045862174865326281 -0.0041342634698713345
decision_type=2 2 2 2 2 2 2 2 2 2 2 2 2
left_child=6 2 -2 -4 -3 -6 7 12 -9 11 -11 -8 -1
right_child=1 4 3 -5 5 -7 9 8 -10 10 -12 -13 -14
leaf_value=-0.031115617837440337 0.063164714961389881 -0.052038207969278771 -0.040597143853431161 0.0091946150221180658 0.012715196750277068 -0.020443347197479089 -0.060285261518877087 0.10763059689493884 0.015666022795886383 0.057733445141472155 -0.007195767536311186 -0.016131093953405371 0.0069821204881777678
leaf_weight=17.582729637622833 7.5897976607084265 6.763737976551055 6.2605654150247565 159.67747132480145 32.490998610854149 29.808826878666878 9.9144457280635816 4.369828909635542 7.1548259854316711 5.970852479338645 49.091113597154617 49.294863566756248 26.888542741537094
leaf_count=93 33 33 28 770 162 154 56 20 38 32 256 274 140
internal_value=-8.03307e-05 0.00472063 0.00975878 0.00731605 -0.00793813 -0.00315029 -0.00692059 0.00398344 0.0505364 -0.0122638 -0.000154923 -0.0235246 -0.00808069
internal_weight=412.859 242.591 173.528 165.938 69.0636 62.2998 170.267 55.9959 11.5247 114.271 55.062 59.2093 44.4713
internal_count=2089 1180 831 798 349 316 909 291 58 618 288 330 233
is_linear=0
shrinkage=0.05


Tree=30
num_leaves=13
num_cat=0
split_feature=26 16 5 25 16 16 7 27 5 16 5 14
split_gain=4.99581 8.21542 8.52481 8.63312 6.7411 4.93305 10.2758 11.2036 6.75268 10.6684 6.36808 1.19501
threshold=3.5000000000000004 -0.057111641679977503 74.500000000000014 0.00089110888888888897 0.0058008343412021554 -0.033389602164036518 -0.022981632179993713 1.5000000000000002 68.500000000000014 -0.053816447289357854 53.000000000000007 5.2049184210162549
decision_type=2 2 2 10 2 2 2 2 2 2 2 2
left_child=5 -2 3 -3 -4 8 7 -7 11 -10 -8 -1
right_child=1 2 4 -5 -6 6 10 -9 9 -11 -12 -13
leaf_value=-0.066792571584339364 0.059270583447164953 0.024993076120524371 -0.020329246931198308 -0.048178127519585973 0.01105300519568924 -0.012835439592086648 0.01860655935131289 0.035524510984363232 0.020791783157477813 -0.037717884501216901 -0.010056068039240784 -0.032292299243717119
leaf_weight=6.7251339852809888 7.3462522327899924 52.065496787428856 39.714425414800644 4.3694338202476493 30.067472010850906 18.51711468398571 21.999705731868744 33.90608374774456 15.871771976351736 15.301905363798143 162.63250105082989 4.00454281270504
leaf_count=37 32 236 194 22 157 90 94 155 74 83 894 21
internal_value=-8.19032e-05 0.00787009 0.00487841 0.0193278 -0.00680733 -0.00388925 -0.00109377 0.0184426 -0.0197039 -0.00792826 -0.0066408 -0.0539163
internal_weight=412.522 133.563 126.217 56.4349 69.7819 278.959 237.055 52.4232 41.9034 31.1737 184.632 10.7297
internal_count=2089 641 609 258 351 1448 1233 245 215 157 988 58
is_linear=0
shrinkage=0.05


Tree=31
num_leaves=12
num_cat=0
split_feature=26 14 27 20 2 5 17 17 18 13 27
split_gain=4.66164 6.04636 9.92219 7.00557 6.93522 6.18148 3.90674 3.57708 5.10346 8.07902 6.12644
threshold=1.5000000000000002 4.9321538109383907 5.5000000000000009 0.013992172211350294 0.42257106231645375 67.500000000000014 0.03554943386177279 -0.11564829900437611 -0.03361296225229448 2.7787495370260058 5.5000000000000009
decision_type=2 2 2 2 2 2 2 2 2 2 2
left_child=7 3 4 -2 -3 -5 -4 -1 10 -10 -9
right_child=1 2 6 5 -6 -7 -8 8 9 -11 -12
leaf_value=0.029110140783730212 0.071135412175798732 -0.014357020829583116 -0.059623630633621041 0.029106126122509648 0.011905026267029563 0.002802991284406892 -0.010860508496230247 -0.029794304589071216 0.016145170933206266 -0.011579730753226408 0.034827443554461546
leaf_weight=6.7843544930219641 4.8805834949016562 39.743804052472115 9.7180938720703143 30.670255541801453 68.408330619335175 82.205226555466652 7.1144109815359107 36.502994023263454 38.404277831315994 83.202633634209633 4.0773485898971549
leaf_count=29 21 195 50 137 341 400 36 202 187 471 20
internal_value=-8.28328e-05 0.00435609 -0.00330356 0.0124859 0.00225424 0.00995002 -0.0390135 -0.00645969 -0.00794759 -0.00282402 -0.0233014
internal_weight=411.712 242.741 124.985 117.756 108.152 112.875 16.8325 168.972 162.187 121.607 40.5803
internal_count=2089 1180 622 558 536 537 86 909 880 658 222
is_linear=0
shrinkage=0.05


Tree=32
num_leaves=14
num_cat=0
split_feature=26 20 20 19 20 8 1 20 5 19 17 6 1
split_gain=4.21734 5.76506 6.69309 11.7363 6.15702 3.58562 5.55697 4.51318 4.67679 4.33233 4.25483 2.72221 1.69186
threshold=1.5000000000000002 0.98112535612535623 0.91945945945945962 0.01108197524937695 0.79864864864864871 -0.15416543453032092 0.066450676978527981 0.037241379310344831 74.500000000000014 0.013363195519547323 -0.095573370933286647 0.030279155127155292 0.041901920971310916
decision_type=2 2 2 2 2 2 2 2 2 2 2 2 2
left_child=5 2 4 -4 -2 6 10 9 -9 -7 -1 -3 -13
right_child=1 11 3 -5 -6 7 -8 8 -10 -11 -12 12 -14
leaf_value=0.073771364124070649 0.006142829504275877 0.0030780774374214409 0.052039105838641825 -0.0081147021159779613 -0.018113073442274943 -0.055067851705818682 -0.028168914046605861 0.0057993644641838454 -0.013231010875246654 0.00061755647343934785 0.012192293951221756 -0.070148093448523824 -0.021982562051060427
leaf_weight=4.2666863501071939 167.42146062850952 3.8835181593894941 19.173839062452316 14.050443485379217 31.00772063434124 9.5269277021288854 5.2200390398502341 53.039995402097702 82.501595556735992 5.51467241346836 8.189110055565834 4.08318230509758 3.2940002828836441
leaf_count=18 800 21 89 70 157 54 26 270 474 27 40 23 20
internal_value=-8.25837e-05 0.00413186 0.00583013 0.0266003 0.00235246 -0.00616694 0.0151371 -0.00866765 -0.00578406 -0.034652 0.033286 -0.0308049 -0.0486416
internal_weight=411.173 242.914 231.653 33.2243 198.429 168.259 17.6758 150.583 135.542 15.0416 12.4558 11.2607 7.37718
internal_count=2089 1180 1116 159 957 909 84 825 744 81 58 64 43
is_linear=0
shrinkage=0.05


Tree=33
num_leaves=10
num_cat=0
split_feature=25 14 14 12 16 27 24 7 24
split_gain=4.16498 3.86269 6.3816 8.43538 5.57069 6.11453 5.4843 4.82657 2.56715
threshold=0.0016414077777777778 6.4917210631134994 6.254158638028529 2.7012411135740888 0.043223799633014266 3.5000000000000004 0.00056760500000000011 0.28649860395956112 0.0011905400000000001
decision_type=8 2 2 2 2 2 10 2 10
left_child=1 2 6 -4 7 -6 -1 -3 -2
right_child=8 4 3 -5 5 -7 -8 -9 -10
leaf_value=-0.00027537199096209776 0.0008988424206874294 -0.0095416351265821594 -0.017041284371276406 0.069648832816848985 0.070482701273520756 -0.0079418993628185049 0.023335545148377462 -0.052428022837455263 -0.050246491333084509
leaf_weight=279.82843428850174 3.9118667244911176 63.69402551651001 4.3679579794406873 7.8477692306041718 4.3467143625020963 5.8042012602090836 26.964284539222717 7.313871592283248 6.5808833986520767
leaf_count=1406 20 332 21 40 24 33 134 41 38
internal_value=-8.21936e-05 0.000733185 0.00321095 0.0386512 -0.00900611 0.0256402 0.00179981 -0.013959 -0.0311787
internal_weight=410.66 400.167 319.008 12.2157 81.1588 10.1509 306.793 71.0079 10.4928
internal_count=2089 2031 1601 61 430 57 1540 373 58
is_linear=0
shrinkage=0.05


Tree=34
num_leaves=12
num_cat=0
split_feature=10 6 10 2 3 17 5 23 12 4 10
split_gain=3.96322 11.4108 10.2642 8.28224 10.2624 7.86994 8.80832 6.60518 5.485 5.56583 5.47309
threshold=0.02180803540721685 0.060198726453205349 0.034205103364405867 0.20363161244756786 0.37333545368798021 -0.066368331088704643 66.500000000000014 8.4165207425532476 -3.483404808690004 0.034190531852717719 0.029731200352682511
decision_type=2 2 2 2 2 2 2 2 2 2 2
left_child=1 8 5 4 -4 10 -7 -5 -1 -10 -2
right_child=2 -3 3 7 -6 6 -8 -9 9 -11 -12
leaf_value=-0.0426101941508365 0.049855983471700019 0.065645090560064318 0.080929120220604209 0.0074004165948496669 0.010246123532183467 0.0070089751734999876 -0.026808307221477964 -0.025633625806810896 0.025540988003843176 0.0006181378384147139 -0.015609960773422721
leaf_weight=6.4087004810571662 7.5445387959480268 7.5308820754289618 7.5786902606487301 62.369663506746292 15.927403569221495 25.113287404179573 82.552040919661522 19.979626104235649 26.547105103731155 143.44734320789576 5.5346442461013794
leaf_count=31 35 38 37 333 80 122 457 102 128 700 26
internal_value=-8.12994e-05 0.00537149 -0.00450739 0.00685787 0.0330353 -0.0144712 -0.0189203 -0.000614319 0.00279833 0.0045102 0.0221531
internal_weight=410.534 183.934 226.6 105.855 23.5061 120.745 107.665 82.3493 176.403 169.994 13.0792
internal_count=2089 897 1192 552 117 640 579 435 859 828 61
is_linear=0
shrinkage=0.05


Tree=35
num_leaves=9
num_cat=0
split_feature=11 11 4 11 5 21 20 12
split_gain=3.92839 5.21553 6.09579 8.23677 5.99965 5.86772 2.43229 2.4176
threshold=0.59873594573766342 0.70197006315993871 0.53137254901960795 0.8783214966484254 74.500000000000014 1.5000000000000002 0.2849275362318841 -1.7273490753805014
decision_type=2 2 2 2 2 2 2 2
left_child=6 5 3 -3 -4 -2 -1 -7
right_child=1 2 4 -5 -6 7 -8 -9
leaf_value=0.0086733618956525461 0.024635873271745629 0.024471065862235339 0.0033299091214995546 0.00067577792170260694 -0.019360290353427404 -0.011320870596604516 0.059009836973933888 -0.057564762063982616
leaf_weight=5.3224110975861532 4.1231353133916882 43.49755448102951 53.185963407158852 221.86823180317879 64.420190081000328 4.0519739240407953 4.3705795705318451 9.3433449342846835
leaf_count=25 20 211 262 1121 360 20 20 50
internal_value=-8.23921e-05 -0.000843631 0.000376727 0.00457619 -0.00909892 -0.027522 0.0313701 -0.0435764
internal_weight=410.183 400.49 382.972 265.366 117.606 17.5185 9.69299 13.3953
internal_count=2089 2044 1954 1332 622 90 45 70
is_linear=0
shrinkage=0.05


Tree=36
num_leaves=14
num_cat=0
split_feature=26 19 8 17 23 16 27 5 24 23 19 18 9
split_gain=3.79411 8.17626 9.0812 12.9662 8.28786 6.95987 6.41922 6.33214 9.46077 5.95366 4.75685 3.79451 3.39325
threshold=3.5000000000000004 0.0086184143069565032 -0.067325790451579257 -0.0041342634698713345 8.2615829287978197 -0.050838396207945273 2.5000000000000004 74.500000000000014 0.00084848500000000006 8.9192967253726589 0.0091922152303076533 0.070543540464518287 -0.10017141272335038
decision_type=2 2 2 2 2 2 2 2 8 2 2 2 2
left_child=1 2 4 -4 -1 6 -2 8 -7 -9 12 -12 -3
right_child=5 10 3 -5 -6 7 -8 9 -10 -11 11 -13 -14
leaf_value=0.011641619913015697 0.0073173188649510697 0.0013419133743112202 -0.030594809454519298 0.013714630224091287 0.082833803024048913 0.022400668543030768 0.086361548751698353 -0.012296940619109914 -0.05612954774308964 0.030206083261632207 -0.002134122405163356 -0.018538691921780228 -0.051542053335259887
leaf_weight=9.6988572776317614 5.1991168558597547 4.2130811661481866 22.973706528544426 58.687178581953049 7.0666539818048468 49.927405446767807 5.0764082074165344 59.891513839364052 4.154365435242652 9.5534439831972104 110.96279893070459 51.662790775299072 10.831442743539807
leaf_count=45 23 22 124 297 31 224 21 306 22 45 587 280 62
internal_value=-8.08993e-05 -0.00342969 0.00813059 0.00124903 0.0416491 0.00682922 0.0463675 0.00354024 0.0163683 -0.00644986 -0.0098339 -0.00734552 -0.0367324
internal_weight=409.899 276.097 98.4264 81.6609 16.7655 133.802 10.2755 123.527 54.0818 69.445 177.67 162.626 15.0445
internal_count=2089 1448 497 421 76 641 44 597 246 351 951 867 84
is_linear=0
shrinkage=0.05


Tree=37
num_leaves=9
num_cat=0
split_feature=25 4 1 13 10 11 11 24
split_gain=3.66282 3.57794 5.48775 7.64391 5.10756 3.7398 5.65705 2.57529
threshold=0.0016414077777777778 0.57128205128205145 0.01357037026966112 4.4488485359668433 0.0089272686203324247 1.5053909172298072 1.2735002865243268 0.0011740200000000002
decision_type=8 2 2 2 2 2 2 10
left_child=1 2 3 -1 -4 6 -3 -2
right_child=7 5 4 -5 -6 -7 -8 -9
leaf_value=0.0026375530585736199 0.0032786733615017467 -0.01059185662209822 -0.036768944692594473 0.078781584820160622 0.0032899987759296974 -0.047418178698569589 0.018373654307765455 -0.048796646615661396
leaf_weight=7.8215330690145475 3.7544966191053373 85.111566677689552 8.2027468681335431 5.6964400559663773 265.69691325724125 5.4246621429920188 21.019469007849693 6.4573564231395721
leaf_count=36 19 447 38 26 1338 31 115 39
internal_value=-8.15273e-05 0.000675303 0.00362518 0.0347245 0.00209031 -0.00692491 -0.00485518 -0.0296506
internal_weight=409.185 398.973 287.418 13.518 273.9 111.556 106.131 10.2119
internal_count=2089 2031 1438 62 1376 593 562 58
is_linear=0
shrinkage=0.05


Tree=38
num_leaves=11
num_cat=0
split_feature=26 11 4 1 4 10 1 11 11 16
split_gain=3.52881 5.27667 5.66061 6.91713 5.33609 3.30701 5.72196 12.3942 5.71071 2.73586
threshold=1.5000000000000002 0.59873594573766342 0.57128205128205145 0.01357037026966112 0.6150000000000001 0.054654528956954392 0.043586952773712988 1.2520301748883287 1.0761211994900852 0.01145973943913692
decision_type=2 2 2 2 2 2 2 2 2 2
left_child=5 -2 3 -3 -4 6 8 -8 -1 -7
right_child=1 2 4 -5 -6 9 7 -9 -10 -11
leaf_value=0.0007131951502395064 0.048169660905889873 0.053299894977354934 -0.043199852245882658 0.0051487433376648344 -0.0038178668746534556 -0.057349750383264508 -0.0011853132822606516 0.06871110217302677 -0.021540103857809065 -0.0019922445739370717
leaf_weight=61.684578523039818 6.5124865472316733 7.8178614825010291 10.176599338650702 162.26630096137524 55.568698614835739 5.4677416533231717 33.799614161252975 7.8073182404041281 54.127563931047916 3.7714371383190155
leaf_count=329 28 33 52 781 286 31 181 39 308 21
internal_value=-7.95589e-05 0.00377187 0.00254581 0.00736199 -0.00991374 -0.00568001 -0.00397369 0.0119304 -0.00968741 -0.0347528
internal_weight=409 242.342 235.829 170.084 65.7453 166.658 157.419 41.6069 115.812 9.23918
internal_count=2089 1180 1152 814 338 909 857 220 637 52
is_linear=0
shrinkage=0.05


Tree=39
num_leaves=10
num_cat=0
split_feature=25 10 10 11 2 17 2 3 24
split_gain=3.34902 3.43533 9.51276 8.58531 8.20149 6.92749 5.2376 3.15647 2.43257
threshold=0.0016414077777777778 0.03435855743794148 0.02180803540721685 1.5053909172298072 0.20363161244756786 -0.05566447839346899 0.38876052690023782 0.34239298952724467 0.0011740200000000002
decision_type=8 2 2 2 2 2 2 2 10
left_child=1 2 6 4 -3 -4 -1 -5 -2
right_child=8 3 5 7 -6 -7 -8 -9 -10
leaf_value=-0.0023551581869492339 0.0031770188894621396 0.041514420143179867 0.017473087853634897 -0.0043245597559784668 0.0054192502807021981 -0.018042127572031389 0.014696523845783144 -0.059604107323407422 -0.047683571127680228
leaf_weight=103.29930013418198 3.7613282054662687 20.474431365728378 15.900218561291693 4.7698071599006635 68.021343931555748 100.62172578275204 79.840526297688484 5.6308284103870392 6.2697181031107903
leaf_count=504 19 99 75 26 358 550 388 31 39
internal_value=-7.87192e-05 0.000639427 -0.00202733 0.00871984 0.0137702 -0.0131958 0.00507859 -0.0342525 -0.0286124
internal_weight=408.589 398.558 299.662 98.8964 88.4958 116.522 183.14 10.4006 10.031
internal_count=2089 2031 1517 514 457 625 892 57 58
is_linear=0
shrinkage=0.05


Tree=40
num_leaves=7
num_cat=0
split_feature=21 18 13 5 16 16
split_gain=3.29056 5.5173 7.68145 4.72017 18.0262 9.12904
threshold=47.500000000000007 -0.19303225588470327 -4.8671890140172751 74.500000000000014 -0.055421227082812045 -0.032768770677960461
decision_type=2 2 2 2 2 2
left_child=1 2 -1 5 -5 -3
right_child=-2 3 -4 4 -6 -7
leaf_value=-0.0059631301791993547 -0.032348548505345999 -0.025975397811041242 0.080480389095908142 0.057746913985481096 -0.0084387016667168743 0.010139171070425237
leaf_weight=5.2070382535457611 7.7495491206645957 19.829032227396965 5.0743219256401044 10.815881639719008 210.64711110293865 148.88188554346561
leaf_count=24 37 103 21 50 1144 710
internal_value=-7.81126e-05 0.00054638 0.0367007 -0.000406312 -0.00520631 0.00589453
internal_weight=408.205 400.455 10.2814 390.174 221.463 168.711
internal_count=2089 2052 45 2007 1194 813
is_linear=0
shrinkage=0.05


Tree=41
num_leaves=14
num_cat=0
split_feature=26 4 17 9 6 6 4 3 16 3 17 11 6
split_gain=3.20344 5.56396 6.57582 7.16813 4.36361 7.88824 7.8563 5.77374 9.48376 6.27776 4.84903 4.1225 6.84868
threshold=2.5000000000000004 0.53137254901960795 -0.1210678731609711 -0.081106372655320488 0.07248660289958965 0.059329385348165266 0.19836065573770495 0.32018999366736922 -0.015484842738567648 0.37045401638979381 -0.10574736304625441 0.6709204911442268 0.015134357422638358
decision_type=2 2 2 2 2 2 2 2 2 2 2 2 2
left_child=4 2 -2 -4 5 10 -7 8 -6 -9 -1 -3 -13
right_child=1 11 3 -5 7 6 -8 9 -10 -11 -12 12 -14
leaf_value=0.027779746457344469 -0.035286114431343406 0.035823045482423481 0.036506713115622133 0.0069570674357477564 0.039113814652161766 -0.0265144349360339 0.055844077776962764 0.041991801895999034 -0.051930136221479156 -0.017045671498632214 -0.0062130581127768881 -0.037061922410213603 0.00078391834920608211
leaf_weight=11.271883368492125 7.3735765367746344 4.8929785192012778 26.186904698610306 94.888102024793625 3.4143353700637844 3.9322604387998572 10.983803927898405 6.2226227074861553 17.628719106316566 16.292803838849068 151.45655656605959 18.150967553257942 35.012705400586128
leaf_count=49 34 23 112 460 21 23 61 35 102 91 806 87 185
internal_value=-7.63333e-05 0.0047504 0.0105564 0.0133483 -0.00414595 -0.000668524 0.0341322 -0.0183279 -0.0371578 -0.000729395 -0.00385844 -0.00809522 -0.0121373
internal_weight=407.708 186.505 128.449 121.075 221.203 177.645 14.9161 43.5585 21.0431 22.5154 162.728 58.0567 53.1637
internal_count=2089 901 606 572 1188 939 84 249 123 126 855 295 272
is_linear=0
shrinkage=0.05


Tree=42
num_leaves=13
num_cat=0
split_feature=5 20 16 13 7 14 19 10 23 25 14 16
split_gain=3.11007 6.86777 5.88756 10.1878 6.19388 4.52473 4.95573 3.80652 3.23189 4.53822 4.20137 1.58906
threshold=53.000000000000007 0.96992311171415657 0.028422848692656547 3.2346221549854834 0.26132819022184878 6.1399401187902063 0.013536395725167341 0.011890623167703422 8.2983930439519522 0.00011738833333333334 5.8481563893622175 0.033655169180605966
decision_type=2 2 2 2 2 2 2 2 2 10 2 2
left_child=7 2 4 -4 -2 11 -7 -1 9 -9 -10 -3
right_child=1 5 3 -5 -6 6 -8 8 10 -11 -12 -13
leaf_value=0.054170700338975003 -0.00078993829386486052 -0.022511545117248136 0.05545145391744543 0.00091102577665144692 -0.042531499887199654 0.027366079850358518 -0.047640122238532576 -0.0061872794226614574 0.015144864684416202 0.036796127251497203 -0.05299465150703922 -0.057473583799335939
leaf_weight=4.9881909042596808 296.64958503097296 4.9967945516109493 12.658602848649023 26.458614364266396 9.1616759002208692 5.9038124382495862 3.512308269739151 11.507900550961496 4.6258184909820539 13.166793093085287 4.4273682981729507 9.2970508858561498
leaf_count=21 1516 32 61 140 54 34 23 48 21 60 20 59
internal_value=-7.75897e-05 -0.00149343 0.000295852 0.0185607 -0.00204046 -0.0275236 -0.000611992 0.0134034 0.00737416 0.0167493 -0.0181781 -0.0452517
internal_weight=407.355 368.638 344.928 39.1172 305.811 23.71 9.41612 38.7161 33.7279 24.6747 9.05319 14.2938
internal_count=2089 1919 1771 201 1570 148 57 170 149 108 41 91
is_linear=0
shrinkage=0.05


Tree=43
num_leaves=7
num_cat=0
split_feature=21 18 13 10 6 10
split_gain=3.06296 4.90186 6.81185 4.29264 9.48758 7.5989
threshold=47.500000000000007 -0.19303225588470327 -4.8671890140172751 0.02180803540721685 0.046760020212787586 0.030615206702932041
decision_type=2 2 2 2 2 2
left_child=1 2 -1 4 -3 -5
right_child=-2 3 -4 5 -6 -7
leaf_value=-0.0057096123281407587 -0.031398257986317728 0.0013069450778701826 0.075649706404763789 -0.016223252315727923 0.038470729169337949 0.0030757427879783881
leaf_weight=5.1948422938585281 7.6586234569549552 161.9672187268734 5.0969243943691236 89.976946227252483 19.210223257541656 117.76360898464918
leaf_count=24 37 788 21 492 95 632
internal_value=-7.70316e-05 0.000523849 0.034583 -0.000377444 0.00524742 -0.00528307
internal_weight=406.868 399.21 10.2918 388.918 181.177 207.741
internal_count=2089 2052 45 2007 883 1124
is_linear=0
shrinkage=0.05


Tree=44
num_leaves=9
num_cat=0
split_feature=25 24 16 18 5 9 6 24
split_gain=3.01967 3.09823 8.55642 7.65484 4.61243 5.57577 3.43132 2.3145
threshold=0.0016414077777777778 0.00057252500000000005 -0.012888446633890991 0.054981004927698869 53.000000000000007 -0.076487883304233936 0.013971336219714166 0.0011740200000000002
decision_type=8 10 2 2 2 2 2 10
left_child=1 4 -3 -4 6 -6 -1 -2
right_child=7 2 3 -5 5 -7 -8 -9
leaf_value=-0.023110859043490944 0.0034381587806413803 -0.03520185768221596 0.05878381593322507 0.0065003901248360434 0.0076034888403510364 -0.00664838005897961 0.025714136029126752 -0.046534264923424488
leaf_weight=4.2241210043430355 3.7467502728104574 7.0385202169418326 11.190314501523973 18.699365705251694 97.064050480723381 234.25533742457628 24.294898971915245 6.0722557827830315
leaf_count=20 19 37 56 96 458 1262 102 39
internal_value=-7.47353e-05 0.000603125 0.0143953 0.0260746 -0.000812292 -0.00247312 0.0184824 -0.0274657
internal_weight=406.586 396.767 36.9282 29.8897 359.838 331.319 28.519 9.81901
internal_count=2089 2031 189 152 1842 1720 122 58
is_linear=0
shrinkage=0.05


Tree=45
num_leaves=15
num_cat=0
split_feature=26 20 20 19 20 19 19 20 19 14 23 17 6 1
split_gain=2.89716 5.21183 5.41546 9.55463 5.33248 3.34909 10.4971 5.73661 4.60986 5.89151 5.66939 3.54398 2.41604 1.65654
threshold=1.5000000000000002 0.98112535612535623 0.91945945945945962 0.01108197524937695 0.79864864864864871 0.0088096384454321164 0.0066841139538808356 0.6110144927536233 0.012843394780677487 3.6710747566681126 8.71731089313257 -0.0014985326993288692 0.030279155127155292 0.041901920971310916
decision_type=2 2 2 2 2 2 2 2 2 2 2 2 2 2
left_child=5 2 4 -4 -2 6 11 -8 10 -10 -7 -1 -3 -14
right_child=1 12 3 -5 -6 8 7 -9 9 -11 -12 -13 13 -15
leaf_value=-0.035576473071957666 0.0053825220521349732 0.0015227201163074725 0.046205859722292415 -0.0082178864810834706 -0.017389591027792178 -0.013111383079379375 0.048730583510885404 0.0020965455115708777 -0.038818366462556486 0.0063752742430686904 -0.05540192906355626 -0.00040463369329004441 -0.069441021442451081 -0.020886749540535571
leaf_weight=12.861152201890947 166.72191254794598 3.869737967848776 19.48978516459465 13.75676806271076 30.394331805408001 42.733602441847324 14.483114287257196 12.107556462287901 8.4800802618265134 48.196334436535835 9.7290454208850843 16.162920653820038 3.9030818492174149 3.1943209394812584
leaf_count=72 800 21 89 70 157 253 74 66 47 257 56 84 23 20
internal_value=-7.31197e-05 0.00341636 0.0050196 0.0236864 0.00187118 -0.00518448 0.00480197 0.0274967 -0.0102733 -0.000386722 -0.020954 -0.01599 -0.0302595 -0.0475882
internal_weight=406.084 241.33 230.363 33.2466 197.116 164.754 55.6147 26.5907 109.139 56.6764 52.4626 29.0241 10.9671 7.0974
internal_count=2089 1180 1116 159 957 909 296 140 613 304 309 156 64 43
is_linear=0
shrinkage=0.05


Tree=46
num_leaves=6
num_cat=0
split_feature=21 18 17 16 13
split_gain=2.872 4.29554 7.23759 8.51321 6.15017
threshold=47.500000000000007 -0.19303225588470327 -0.14781181834097798 -0.053816447289357854 -4.8671890140172751
decision_type=2 2 2 2 2
left_child=1 4 -3 -4 -1
right_child=-2 2 3 -5 -6
leaf_value=-0.0058891794600613306 -0.030538735028747849 -0.061197397846095104 0.033948106743241301 -0.0012303023464849262 0.071451137001662432
leaf_weight=5.1917242854833603 7.5915091335773459 4.8245296627283087 18.048827260732651 364.8762294575572 5.0911990404129011
leaf_count=24 37 24 86 1897 21
internal_value=-7.4136e-05 0.000506903 -0.000338964 0.0004278 0.0324029
internal_weight=405.624 398.033 387.75 382.925 10.2829
internal_count=2089 2052 2007 1983 45
is_linear=0
shrinkage=0.05


Tree=47
num_leaves=9
num_cat=0
split_feature=11 11 19 11 20 27 19 4
split_gain=2.8046 4.63539 7.86213 5.3123 6.02372 4.63233 3.84739 2.89149
threshold=0.59873594573766342 0.70197006315993871 0.0054084836019144241 0.88179526964497301 0.98112535612535623 2.5000000000000004 0.007550642747327147 0.61222222222222233
decision_type=2 2 2 2 2 2 2 2
left_child=6 2 -2 4 -3 -5 -1 -4
right_child=1 3 7 5 -6 -7 -8 -9
leaf_value=0.059943712141376018 0.033246664076197835 0.01692084085611599 -0.063055243941249534 -0.010156548382165578 -0.046543052672058098 0.0024246637461530669 -0.0027004007986029632 -0.013640035016584515
leaf_weight=4.5595899373292905 4.201021850109103 63.251674234867096 8.3291363641619665 117.61110209673643 3.9738689810037604 193.59486734122038 5.3000841587781906 4.5926436930894843
leaf_count=20 20 310 45 611 23 1010 25 25
internal_value=-7.1453e-05 -0.000728028 -0.0261738 0.000423313 0.0131693 -0.00233003 0.0262693 -0.0454921
internal_weight=405.414 395.554 17.1228 378.432 67.2255 311.206 9.85967 12.9218
internal_count=2089 2044 90 1954 333 1621 45 70
is_linear=0
shrinkage=0.05


Tree=48
num_leaves=10
num_cat=0
split_feature=25 10 11 19 10 17 12 3 24
split_gain=2.72027 2.95767 7.48401 8.10706 7.43332 5.91171 4.89082 2.96003 2.16249
threshold=0.0016414077777777778 0.03435855743794148 1.5053909172298072 0.0097600835370951888 0.02180803540721685 -0.05566447839346899 -3.483404808690004 0.34239298952724467 0.0011740200000000002
decision_type=8 2 2 2 2 2 2 2 10
left_child=1 4 3 -3 6 -6 -1 -4 -2
right_child=8 2 7 -5 5 -7 -8 -9 -10
leaf_value=-0.039954349917686455 0.0033501855159185356 0.041575206028912154 -0.0037819802800746201 0.0047871287489277409 0.016380295493191022 -0.016498088950352551 0.0058382205044120406 -0.057983351498803695 -0.045296555056427538
leaf_weight=6.0295962989330283 3.740950867533682 19.1071587651968 4.7287940979003888 69.261088810861111 15.879382133483885 98.353149928152561 176.89041803777218 5.3901322931051254 5.8676742315292358
leaf_count=30 19 103 26 354 75 550 862 31 39
internal_value=-7.01848e-05 0.00056822 0.00807743 0.0127415 -0.00192061 -0.0119277 0.00432876 -0.0326539 -0.0263568
internal_weight=405.248 395.64 98.4872 88.3682 297.153 114.233 182.92 10.1189 9.60863
internal_count=2089 2031 514 457 1517 625 892 57 58
is_linear=0
shrinkage=0.05


Tree=49
num_leaves=12
num_cat=0
split_feature=5 2 11 17 20 16 13 13 17 17 16
split_gain=2.74098 4.37727 6.32128 5.09156 4.11636 7.33846 8.92038 5.36527 5.3285 3.22137 2.09781
threshold=57.500000000000007 0.077443558350189193 0.80165312619836293 0.004103263237347222 0.95729483282674788 0.028422848692656547 3.2122039080872455 5.1876438229560913 0.09908093914060602 0.040177296322457152 0.036475055550804221
decision_type=2 2 2 2 2 2 2 2 2 2 2
left_child=1 -1 -3 -4 5 8 -7 9 -2 -6 -9
right_child=4 2 3 -5 7 6 -8 10 -10 -11 -12
leaf_value=0.051974124933331249 -0.0019884408711743854 -0.057012413460363523 -0.017235712840986694 0.01983415261394187 -0.0074944501339850424 0.058685157354239952 0.0046319545599043319 -0.010831609192465017 -0.055371844256402986 -0.050027402137391964 0.042970524057462101
leaf_weight=5.6091339141130439 279.7201062142849 3.7541917040944091 12.457376822829245 36.122848391532898 7.0044968351721826 10.96380330622196 25.122280426323414 3.6386457681655875 4.7539121210575095 12.21508978307247 3.6086268424987793
leaf_count=25 1445 21 59 163 43 51 134 21 27 80 20
internal_value=-6.99933e-05 0.00999677 0.0054977 0.0103284 -0.00175085 -0.000186118 0.0210546 -0.0207026 -0.00288054 -0.0345264 0.015958
internal_weight=404.971 57.9436 52.3344 48.5802 347.027 320.56 36.0861 26.4669 284.474 19.2196 7.24727
internal_count=2089 268 243 222 1821 1657 185 164 1472 123 41
is_linear=0
shrinkage=0.05


Tree=50
num_leaves=7
num_cat=0
split_feature=21 18 13 5 16 18
split_gain=2.64179 3.90973 5.46602 3.91373 15.0969 7.73926
threshold=47.500000000000007 -0.19303225588470327 -4.8671890140172751 74.500000000000014 -0.055421227082812045 -0.053186925716415694
decision_type=2 2 2 2 2 2
left_child=1 2 -1 5 -5 -3
right_child=-2 3 -4 4 -6 -7
leaf_value=-0.0052301659626789445 -0.029438121580456857 -0.024100592058235511 0.067841885142917349 0.052179844559401362 -0.0077442552712433639 0.0093445698924829578
leaf_weight=5.163945659995079 7.5151104927062979 19.587821766734123 5.0737495571374875 11.069533824920653 208.13514056056738 147.90557073801756
leaf_count=24 37 103 21 50 1144 710
internal_value=-6.98121e-05 0.000486213 0.030984 -0.000321205 -0.00471817 0.00543326
internal_weight=404.451 396.936 10.2377 386.698 219.205 167.493
internal_count=2089 2052 45 2007 1194 813
is_linear=0
shrinkage=0.05


Tree=51
num_leaves=14
num_cat=0
split_feature=2 4 6 22 5 8 2 20 20 12 24 24 1
split_gain=2.64218 4.75827 4.75521 7.18272 5.55162 6.66047 5.14315 4.33306 6.98937 5.76706 3.24156 2.92588 1.61274
threshold=0.49422984859515545 0.01351598173515982 -0.046356990318546752 1.5000000000000002 49.500000000000007 0.074211227938795102 0.3159399546698039 0.7148600357355569 0.54833333333333345 2.2302972284138085 0.00049285500000000005 9.9875000000000015e-05 0.089550319487863114
decision_type=2 2 2 2 2 2 2 2 2 2 10 10 2
left_child=2 11 3 6 10 -6 -1 8 -3 -9 -4 -2 -5
right_child=1 7 4 12 5 -7 -8 9 -10 -11 -12 -13 -14
leaf_value=-0.024741163726094206 0.0069761310498917192 0.0025429932230782394 0.060642201155133892 -0.064029211182446352 0.0050598214144854025 -0.013502710031349114 0.046621106536182969 0.046364465924167708 0.036227852201073794 -0.010892971041708194 0.0030718422296164213 0.060029460098103497 -0.026101124521576119
leaf_weight=5.9629020094871539 4.583948001265524 75.371562428772449 5.5509486794471723 8.1275703236460668 110.58029867708683 85.836286954581738 4.3789871633052826 4.7177443653345099 19.353875838220119 64.837829515337944 4.3700159043073654 6.0009042322635651 4.2779677510261527
leaf_count=29 22 390 24 42 533 480 20 24 101 355 20 28 21
internal_value=-6.78565e-05 0.00456056 -0.00360084 -0.0252968 -0.00120899 -0.00305222 0.00547522 0.00246698 0.00942533 -0.00700937 0.0352834 0.0370538 -0.05095
internal_weight=403.951 174.866 229.085 22.7474 206.338 196.417 10.3419 164.281 94.7254 69.5556 9.92096 10.5849 12.4055
internal_count=2089 920 1169 112 1057 1013 49 870 491 379 44 50 63
is_linear=0
shrinkage=0.05


Tree=52
num_leaves=12
num_cat=0
split_feature=4 9 20 1 9 14 8 21 11 11 14
split_gain=2.52019 4.43828 8.05466 4.58627 10.4715 6.11795 4.5309 3.41735 3.4383 5.50888 2.70285
threshold=0.57128205128205145 0.57485068452990895 0.41301587301587306 0.01357037026966112 0.07372224094636344 6.8527425222133891 0.34903025036035645 5.5000000000000009 1.5053909172298072 1.2675469816840412 4.3293486137409873
decision_type=2 2 2 2 2 2 2 2 2 2 2
left_child=1 3 -3 4 -1 -5 -4 8 9 -2 -9
right_child=7 2 6 5 -6 -7 -8 10 -10 -11 -12
leaf_value=-0.0036067771462818228 -0.0079272121979334573 -0.026273397149172345 0.096185387845209191 0.0026534214283401407 0.087767963231370913 -0.019126964660640941 0.026603387586963564 -0.0035258775479586539 -0.044113410618374489 0.02083107242202565 -0.057853935398286351
leaf_weight=8.7037129700183851 77.187555037438869 4.3966958075761786 3.9895190894603711 225.42895528674126 4.9009651243686667 37.622320957481861 5.6568264812231064 3.9220998585224134 5.027884528040885 21.233285069465637 5.4994136840105057
leaf_count=40 412 23 19 1139 22 203 30 22 31 116 32
internal_value=-6.77408e-05 0.0023943 0.0298161 0.00100237 0.0293102 -0.00046167 0.055381 -0.00640876 -0.0037832 -0.00172291 -0.0352376
internal_weight=403.569 290.699 14.043 276.656 13.6047 263.051 9.64635 112.87 103.449 98.4208 9.42151
internal_count=2089 1476 72 1404 62 1342 49 613 559 528 54
is_linear=0
shrinkage=0.05


Tree=53
num_leaves=7
num_cat=0
split_feature=25 17 17 18 14 24
split_gain=2.53801 2.91199 3.31561 7.81258 6.76198 1.98837
threshold=0.0016414077777777778 0.14893471254455551 -0.0036012014856607872 0.053325744827562367 3.6188676821121248 0.0011740200000000002
decision_type=8 2 2 2 2 10
left_child=1 2 3 -1 -4 -2
right_child=5 -3 4 -5 -6 -7
leaf_value=9.6566287726537322e-05 0.0026330097906997457 -0.034548559428242018 0.0316312186513555 -0.031082879818396178 0.0022680947440252199 -0.044290592028087106
leaf_weight=154.88841833174229 3.7399081662297231 5.8232210353016844 21.887716084718704 23.085233263671398 188.1572287529707 5.6962769106030464
leaf_count=782 19 33 105 127 984 39
internal_value=-6.72815e-05 0.000546694 0.00107339 -0.00394777 0.00532788 -0.025693
internal_weight=403.278 393.842 388.019 177.974 210.045 9.43619
internal_count=2089 2031 1998 909 1089 58
is_linear=0
shrinkage=0.05


Tree=54
num_leaves=13
num_cat=0
split_feature=26 20 8 10 4 8 9 22 3 16 14 2
split_gain=2.5026 4.41237 4.74588 6.02319 5.33215 2.81787 5.76226 4.72879 3.96221 2.45386 2.0988 1.3639
threshold=1.5000000000000002 0.98112535612535623 -0.1739766950134187 0.050398703052326459 0.45738498789346255 -0.15416543453032092 -0.18815874132811369 1.5000000000000002 0.31192405056687522 -0.023866210143410168 5.4374150128516643 0.33901739328565944
decision_type=2 2 2 2 2 2 2 2 2 2 2 2
left_child=5 2 3 -2 -4 7 11 9 -8 -1 -3 -7
right_child=1 10 4 -5 -6 6 8 -9 -10 -11 -12 -13
leaf_value=0.0097248921440042241 -0.038366580120910522 -0.055774225576490789 0.012857340219270558 0.028964672478046335 -0.0034852826203315788 -0.064679556140231825 -0.0095824344777921417 -0.015865206239996904 0.0099937875528487013 0.059659329158667597 -0.01023545470531421 -0.023751315983212784
leaf_weight=4.5341118723154077 12.637383982539179 4.215902201831339 132.03389672935009 4.5057422220706931 80.245669484138489 4.8333341181278211 102.85414685308933 7.4669507443904868 34.523471839725971 5.3791681230068216 6.3277486339211464 3.516466960310936
leaf_count=23 61 26 627 20 408 29 579 38 197 23 38 20
internal_value=-6.57223e-05 0.00318242 0.0046359 -0.0206699 0.00667952 -0.00484444 -0.00711405 0.0141855 -0.00466286 0.0368204 -0.0284442 -0.0474429
internal_weight=403.074 239.966 229.423 17.1431 212.28 163.108 145.727 17.3802 137.378 9.91328 10.5437 8.3498
internal_count=2089 1180 1116 81 1035 909 825 84 776 46 64 49
is_linear=0
shrinkage=0.05


Tree=55
num_leaves=9
num_cat=0
split_feature=11 11 19 11 20 11 19 4
split_gain=2.44272 4.20763 7.0579 4.68129 5.16281 3.70202 3.33488 2.85518
threshold=0.59873594573766342 0.70197006315993871 0.0054084836019144241 0.88179526964497301 0.98019607843137269 0.98120755731274478 0.007550642747327147 0.61222222222222233
decision_type=2 2 2 2 2 2 2 2
left_child=6 2 -2 4 -3 -5 -1 -4
right_child=1 3 7 5 -6 -7 -8 -9
leaf_value=0.055519076434092846 0.030434926915162242 0.01598358307935669 -0.061880013964643821 -0.014250686635627813 -0.040855431720205559 0.00029437629642079774 -0.0027025175685496646 -0.012156798472014386
leaf_weight=4.614657908678053 4.261965841054919 62.906446024775505 8.0457011908292753 52.761425405740738 4.2660848423838607 256.04935959726572 5.2664463594555855 4.5028144270181647
leaf_count=20 20 308 45 277 25 1344 25 25
internal_value=-6.52149e-05 -0.000682876 -0.0251566 0.000411364 0.0123738 -0.0021907 0.024488 -0.0440377
internal_weight=402.675 392.794 16.8105 375.983 67.1725 308.811 9.8811 12.5485
internal_count=2089 2044 90 1954 333 1621 45 70
is_linear=0
shrinkage=0.05


Tree=56
num_leaves=15
num_cat=0
split_feature=2 10 3 8 6 19 22 3 19 19 18 10 19 16
split_gain=2.41006 5.94755 7.61897 7.40988 7.47553 6.2131 5.84527 5.39094 4.76085 16.3946 8.90721 8.67231 7.94299 2.97554
threshold=0.49422984859515545 0.032531960338205462 0.47380612455225068 0.074211227938795102 -0.035235841122155269 0.0069089801776900722 1.5000000000000002 0.25986058698160058 0.0067444395148086598 0.0069844037677446796 0.018617060221336249 0.023881922879426015 0.0055558395290528926 0.010771016749406394
decision_type=2 2 2 2 2 2 2 2 2 2 2 2 2 2
left_child=1 3 7 4 -1 -5 -4 -3 10 -10 12 -11 -2 -12
right_child=8 2 6 5 -6 -7 -8 -9 9 11 13 -13 -14 -15
leaf_value=-0.023506672779580226 0.033585757926843068 -0.031529615752811865 0.023377022386921298 0.0088622644711231543 0.0063350556687607976 -0.030745550918665189 -0.03827302761746304 0.032128849578880944 0.090505897962878765 0.021536576466719724 -0.065817079595590119 -0.0046867048244526571 -0.036388105889552005 -0.019704056043639062
leaf_weight=27.290271282196045 12.066730946302416 3.7343851327896109 6.0096234232187298 12.596134819090365 90.849309004843235 46.277636952698231 10.673562951385973 30.394696682691574 5.814334273338317 49.337669931352139 7.0704647898673993 87.343603119254112 6.108667165040969 6.9243316203355789
leaf_count=133 57 20 31 68 441 265 55 156 28 249 36 483 33 34
internal_value=-6.39857e-05 -0.00345171 0.0116267 -0.00778003 -0.000558391 -0.0222714 -0.0160654 0.0251634 0.0043548 0.00827704 -0.0130185 0.00477908 0.0100679 -0.0430013
internal_weight=402.491 227.826 50.8123 177.013 118.14 58.8738 16.6832 34.1291 174.666 142.496 32.1702 136.681 18.1754 13.9948
internal_count=2089 1169 262 907 574 333 86 176 920 760 160 732 90 70
is_linear=0
shrinkage=0.05


Tree=57
num_leaves=14
num_cat=0
split_feature=14 16 16 16 18 16 21 16 2 18 16 23 8
split_gain=2.34761 6.87216 6.33142 6.56144 10.4662 8.36825 4.98806 4.57612 6.28512 5.03526 3.35164 3.30594 1.22755
threshold=5.7921368545377208 0.043223799633014266 0.052655679206279345 -0.0034264606270975047 0.1192752732318292 0.00034407098384914297 3.5000000000000004 -0.0020469060087258124 1.2452161092820331 0.09829335100040916 0.073904185583118412 9.3250222773598477 0.082243704742246862
decision_type=2 2 2 2 2 2 2 2 2 2 2 2 2
left_child=2 7 3 4 -1 -5 -3 8 -2 -9 12 -8 -4
right_child=1 6 10 5 -6 -7 11 9 -10 -11 -12 -13 -14
leaf_value=0.00097221956865220819 -0.010919946984176403 0.063959587208925306 -0.068957701167493432 0.046762491018791513 -0.047695619354271648 0.0076268520245829918 -0.023636588104560284 -0.026252383408107045 0.02804306636746989 0.0061009346459347342 0.0032604292262655974 0.039350545794632159 -0.031173058473499389
leaf_weight=126.32724070549011 30.908848255872726 5.5727533698081961 4.2176420837640745 15.617380902171133 12.105573788285254 108.94691447913647 4.902539946138857 49.512286849319935 15.560954086482523 15.884203121066092 4.5769799277186385 3.6224647760391235 4.3837660402059555
leaf_count=631 164 30 23 77 62 564 30 271 83 83 26 19 26
internal_value=-6.67984e-05 -0.0057235 0.00251323 0.0042079 -0.00328365 0.0125335 0.0271744 -0.0098694 0.00212727 -0.0183941 -0.0313067 0.00312805 -0.0497005
internal_weight=402.14 125.964 276.175 262.997 138.433 124.564 14.0978 111.866 46.4698 65.3965 13.1784 8.525 8.60141
internal_count=2089 680 1409 1334 693 641 79 601 247 354 75 49 49
is_linear=0
shrinkage=0.05


Tree=58
num_leaves=13
num_cat=0
split_feature=26 15 6 19 22 19 17 10 3 14 18 20
split_gain=2.31205 4.11901 5.88751 6.29813 4.1623 6.26899 4.92701 2.83527 4.73451 9.88305 5.48603 3.41482
threshold=1.5000000000000002 8.5000000000000018 0.13017683159356966 0.0099793892457896768 1.5000000000000002 0.0092326481257348665 -0.00060162908438954321 0.054654528956954392 0.34644810118778524 3.8791488702965489 0.071426602677020071 0.48264705882352948
decision_type=2 2 2 2 2 2 2 2 2 2 2 2
left_child=7 2 3 -2 5 -3 -6 8 10 -10 -1 -9
right_child=1 4 -4 -5 6 -7 -8 11 9 -11 -12 -13
leaf_value=-0.0011428141005686823 0.02727848244087119 -0.0060145529877585306 0.068826562568539529 -0.0094034331347936165 0.0022381350340679243 0.017089390651924403 -0.024312437159190532 -0.05696209465825805 -0.047878583422326683 0.025714105121255815 -0.025073861103834374 0.0068733121895702201
leaf_weight=87.390505529940128 25.143247753381729 59.572748467326164 4.7125257179141036 21.888636440038681 37.881682828068733 57.893760785460472 32.433698587119579 5.4071769490838033 5.4591583162546149 27.762057341635227 32.988379955291748 3.4201310724020004
leaf_count=481 118 286 25 113 183 285 170 32 32 149 195 20
internal_value=-6.7963e-05 0.00305476 0.0155454 0.0102067 -0.00038711 0.0053723 -0.0100086 -0.00467294 -0.0030893 0.0136208 -0.00770083 -0.0322291
internal_weight=401.954 239.526 51.7444 47.0319 187.782 117.467 70.3154 162.427 153.6 33.2212 120.379 8.82731
internal_count=2089 1180 256 231 924 571 353 909 857 181 676 52
is_linear=0
shrinkage=0.05


Tree=59
num_leaves=7
num_cat=0
split_feature=21 6 22 6 16 22
split_gain=2.35602 3.61325 8.98429 5.3138 3.72618 1.22912
threshold=47.500000000000007 -0.094155957653070374 1.5000000000000002 -0.071064805162746922 -0.053816447289357854 1.5000000000000002
decision_type=2 2 2 2 2 2
left_child=1 2 -1 5 -5 -3
right_child=-2 3 -4 4 -6 -7
leaf_value=0.078529103593883862 -0.028006323127482809 -0.021257066544617263 -0.016323325119067398 0.022555242071845959 -0.00058973991025877443 -0.06080878873291632
leaf_weight=4.8939080685377103 7.4071959704160681 3.9327699095010749 5.096078097820282 18.276966467499733 358.17643036693335 3.9243550598621368
leaf_count=21 37 20 26 86 1879 20
internal_value=-6.85648e-05 0.000456264 0.0301431 -0.000315432 0.000533958 -0.0410117
internal_weight=401.708 394.301 9.98999 384.311 376.453 7.85712
internal_count=2089 2052 47 2005 1965 40
is_linear=0
shrinkage=0.05


Tree=60
num_leaves=13
num_cat=0
split_feature=14 14 12 13 3 5 20 15 14 16 13 20
split_gain=2.2461 5.83988 6.51535 4.6471 8.40808 6.05142 5.70834 5.53141 4.30982 5.7432 4.67091 2.73371
threshold=6.4917210631134994 6.254158638028529 2.7012411135740888 7.0059517694637607 0.18567709743571365 51.500000000000007 0.86616915422885576 5.5000000000000009 5.8309465236573823 0.052655679206279345 -3.7256382026180561 0.63884057971014496
decision_type=2 2 2 2 2 2 2 2 2 2 2 2
left_child=1 8 -3 5 -5 -2 -6 -7 9 -1 -10 -4
right_child=3 2 11 4 6 7 -8 -9 10 -11 -12 -13
leaf_value=0.0039290106582292377 0.039157094726239391 -0.015524978019684416 0.090798952928027879 0.066911204464783672 0.014370151901722181 0.01677498424499535 -0.041391921982267668 -0.027979764338438989 0.031461407800140298 -0.030069769041383074 -0.026176662282059632 0.033891964646723699
leaf_weight=266.00323783606291 4.609330788254737 4.2522781640291205 3.9382926225662214 5.1877376437187221 13.701916076242926 8.2483412176370603 6.9011685997247687 42.358225233852863 4.0981483161449459 13.029733441770075 24.70086845010519 4.5469062998890877
leaf_count=1349 21 21 20 25 77 47 39 239 19 76 133 23
internal_value=-6.6239e-05 0.00181351 0.0349897 -0.007505 0.0100177 -0.0156897 -0.0043078 -0.0206852 0.000440746 0.0023414 -0.0179747 0.0603046
internal_weight=401.576 320.569 12.7375 81.0067 25.7908 55.2159 20.6031 50.6066 307.832 279.033 28.799 8.4852
internal_count=2089 1641 64 448 141 307 116 286 1577 1425 152 43
is_linear=0
shrinkage=0.05


Tree=61
num_leaves=8
num_cat=0
split_feature=25 25 5 14 12 14 7
split_gain=2.38397 2.81554 4.42802 3.03961 5.20538 4.99355 2.06329
threshold=0.0016414077777777778 0.0012028738888888891 68.500000000000014 6.4917210631134994 5.357484380235304 6.254158638028529 0.16722784590824222
decision_type=8 10 2 2 2 2 2
left_child=1 3 -3 5 -5 -1 -2
right_child=6 2 -4 4 -6 -7 -8
leaf_value=0.00079704857445968237 -0.041789029168815772 -0.010959402863047311 0.059031021490459384 -0.016927899030308793 0.01324859203686426 0.033993017760724754 0.0082723618842152433
leaf_weight=296.21605286747217 6.1846454814076406 4.0668474435806257 5.0858462005853653 55.580870181322098 19.23687618970871 11.779145658016203 3.0848605334758759
leaf_count=1512 39 20 28 308 105 58 19
internal_value=-6.67372e-05 0.000525949 0.0279319 -0.000129302 -0.00916903 0.00206661 -0.0251288
internal_weight=401.235 391.966 9.15269 382.813 74.8177 307.995 9.26951
internal_count=2089 2031 48 1983 413 1570 58
is_linear=0
shrinkage=0.05


Tree=62
num_leaves=12
num_cat=0
split_feature=17 18 18 19 1 8 13 1 1 27 27
split_gain=2.25197 8.27405 8.07346 13.8524 8.19658 7.74413 5.8637 5.99011 7.22608 4.38091 0.279377
threshold=-0.0036012014856607872 0.053325744827562367 -0.016061412257825754 0.010087618308386496 0.031875736366926803 0.10306677459234338 -4.5076940266276635 0.065697144940247573 0.052022033728831858 4.5000000000000009 1.5000000000000002
decision_type=2 2 2 2 2 2 2 2 2 2 2
left_child=1 2 3 -1 -4 10 -2 8 -8 -7 -3
right_child=6 5 4 -5 -6 9 7 -9 -10 -11 -12
leaf_value=-0.037246738296609336 0.070280464587095762 -0.052205526459606813 -0.0073096111130431345 0.0037186645102468951 0.030603380158251366 0.012079089620577851 0.0034994285943061505 0.047493147304403675 -0.030930851361315806 -0.049672232034012997 -0.069457515809316792
leaf_weight=29.758542105555534 3.2209725677967063 3.5319588184356707 24.586453139781952 67.318541020154953 33.929065711796284 9.5112569183111173 194.53060859441757 7.1003447026014319 16.534458838403225 4.1147431805729857 6.9927097707986832
leaf_count=156 14 20 121 337 175 55 1022 34 90 28 37
internal_value=-6.51206e-05 -0.00422287 3.55496e-06 -0.0088391 0.0146735 -0.0314519 0.00331055 0.00232181 0.000802222 -0.00656841 -0.0636679
internal_weight=401.13 179.743 155.593 97.0771 58.5155 24.1507 221.386 218.165 211.065 13.626 10.5247
internal_count=2089 929 789 493 296 140 1160 1146 1112 83 57
is_linear=0
shrinkage=0.05


Tree=63
num_leaves=9
num_cat=0
split_feature=5 25 25 2 11 17 13 1
split_gain=2.22867 4.14438 5.53817 3.8591 5.85036 4.42053 3.76429 1.01877
threshold=57.500000000000007 0.0016414077777777778 0.0012028738888888891 0.077443558350189193 0.80165312619836293 0.004103263237347222 3.2346221549854834 0.049348756043580348
decision_type=2 8 8 2 2 2 2 2
left_child=3 2 6 -1 -5 -6 -2 -3
right_child=1 7 -4 4 5 -7 -8 -9
leaf_value=0.04849496312906576 0.003134134922202483 -0.060122899272667188 0.046754303406124187 -0.056582968110079991 -0.016568189944824226 0.018250696684655662 -0.0075827314643402647 -0.020562228270501557
leaf_weight=5.5984390079975119 182.07897794246674 3.3802823424339286 6.0069636255502692 3.6114655137062064 12.221608504652975 35.868199907243252 148.9832191541791 3.1382369250059128
leaf_count=25 899 26 32 21 59 163 846 18
internal_value=-6.65309e-05 -0.00158897 -0.000825315 0.00906249 0.00479258 0.00940178 -0.00168862 -0.041077
internal_weight=400.887 343.588 337.069 57.2997 51.7013 48.0898 331.062 6.51852
internal_count=2089 1821 1777 268 243 222 1745 44
is_linear=0
shrinkage=0.05


Tree=64
num_leaves=12
num_cat=0
split_feature=2 12 10 1 10 24 11 11 5 21 17
split_gain=2.25038 6.21605 6.96235 8.12331 6.11364 4.24144 3.06041 7.99101 2.79007 2.59304 0.203244
threshold=0.35060708285643233 3.3801697124853347 0.034205103364405867 0.055648813068447017 0.017337022022366658 0.0018816600000000001 0.73680576411931831 0.88633509385968268 61.500000000000007 2.5000000000000004 0.0081847988043763937
decision_type=2 2 2 2 2 8 2 2 2 2 2
left_child=1 2 4 -4 -1 6 9 -8 -3 -2 -10
right_child=5 8 3 -5 -6 -7 7 -9 10 -11 -12
leaf_value=0.0043261931539717189 0.0077807783040072381 -0.0020308604886572555 0.052792536662079059 0.00023256846132243289 -0.016738985918320955 -0.039764281188163636 0.032903739622601416 0.0021762549821212739 -0.046811913654898021 -0.043664081557258656 -0.0632128414239162
leaf_weight=65.96215708553791 4.1749924719333631 3.341515585780142 11.526054009795191 20.296025834977627 72.084052048623562 5.5622344538569441 23.982273042201996 179.70965255796909 3.168967679142952 5.9263800382614136 4.6765083894133568
leaf_count=318 20 16 58 99 387 33 120 954 21 33 30
internal_value=-6.50558e-05 -0.00419091 -0.0018134 0.0192699 -0.00667348 0.00334041 0.00446186 0.00579405 -0.0402921 -0.0224014 -0.0565881
internal_weight=400.411 181.055 169.868 31.8221 138.046 219.356 213.793 203.692 11.187 10.1014 7.84548
internal_count=2089 929 862 157 705 1160 1127 1074 67 53 51
is_linear=0
shrinkage=0.05


Tree=65
num_leaves=14
num_cat=0
split_feature=4 15 17 6 25 4 20 18 21 14 24 16 17
split_gain=2.19418 3.81961 5.78105 10.8351 10.2778 4.52428 8.00444 5.58389 3.65459 5.80052 3.35037 3.02606 0.273697
threshold=0.45393939393939398 5.5000000000000009 0.00054097266557917589 -0.010366385851995339 8.1041666666666694e-05 0.3741666666666667 0.86616915422885576 0.17859980738391637 5.5000000000000009 4.3293486137409873 -0.00073821999999999983 0.028422848692656547 -0.031710354032479231
decision_type=2 2 2 2 8 2 2 2 2 2 10 2 2
left_child=1 2 3 -1 -4 7 -7 -3 10 -10 -2 -12 -11
right_child=8 5 4 -5 -6 6 -8 -9 9 12 11 -13 -14
leaf_value=0.055892245183647819 -0.044551931648687662 0.00025115934815007288 0.0069794770950937779 -0.038860648168203581 0.089282875814562013 0.035469154619176088 -0.031027337385655676 -0.033363230425048088 0.0056509273722812397 -0.047872530940436461 -0.0037348402202586717 0.019447891940203667 -0.06706669169273087
leaf_weight=4.7215375304222098 4.5438918173313132 183.61310716718435 9.3622498959302884 8.3576988726854342 6.376827359199523 19.833949111402038 5.863450624048709 13.245795950293539 6.4624185636639577 3.2550836056470871 114.09997003525496 16.05725459754467 4.3249339386820793
leaf_count=22 27 929 46 46 31 99 33 76 35 20 612 87 26
internal_value=-6.52743e-05 0.00278292 0.0199108 -0.00465534 0.0403254 0.000565069 0.0202965 -0.00201061 -0.00487869 -0.0291523 -0.0023482 -0.00087483 -0.0588242
internal_weight=400.118 251.375 28.8183 13.0792 15.7391 222.556 25.6974 196.859 148.744 14.0424 134.701 130.157 7.58002
internal_count=2089 1282 145 68 77 1137 132 1005 807 81 726 699 46
is_linear=0
shrinkage=0.05


Tree=66
num_leaves=11
num_cat=0
split_feature=27 16 13 17 20 10 14 3 6 12
split_gain=2.15565 7.37123 6.34015 7.04796 7.60672 6.62682 4.60511 4.52697 4.32897 4.56182
threshold=2.5000000000000004 -0.088248351480467932 3.0037394095426877 -0.02577536729128926 0.73174603174603181 0.051162412072126358 6.304848491375167 0.10172881430296378 0.14926379174110196 4.5635016358846565
decision_type=2 2 2 2 2 2 2 2 2 2
left_child=1 -1 5 6 -5 7 -4 -2 9 -3
right_child=2 8 3 4 -6 -7 -8 -9 -10 -11
leaf_value=-0.063035930747764826 0.045362079987904876 -0.0034831962763311368 -0.064479597226430652 0.015332956262287548 -0.011080549117320872 0.062104884335083557 0.003744331570989988 0.0058271057919789693 -0.048820613157197656 0.029006911914577452
leaf_weight=5.1920425146818152 7.8577764481306067 145.70798268914223 7.5989573374390584 44.543943263590336 70.237112507224083 6.2238600254058829 3.6671205535531044 92.214015327394009 4.8949041217565528 11.669010281562803
leaf_count=27 36 754 46 242 395 29 23 446 28 63
internal_value=-6.63051e-05 -0.00439083 0.00305065 -0.00453419 -0.000830062 0.0120449 -0.0422726 0.00893145 -0.00251442 -0.00107416
internal_weight=399.807 167.464 232.343 126.047 114.781 106.296 11.2661 100.072 162.272 157.377
internal_count=2089 872 1217 706 637 511 69 482 845 817
is_linear=0
shrinkage=0.05


Tree=67
num_leaves=9
num_cat=0
split_feature=11 11 21 11 4 27 18 12
split_gain=2.13512 3.66894 5.14961 3.87418 5.1445 4.10026 3.07879 2.91123
threshold=0.59873594573766342 0.70197006315993871 1.5000000000000002 0.88179526964497301 0.23956521739130437 2.5000000000000004 -0.0094784116013233426 -1.7827131348000698
decision_type=2 2 2 2 2 2 2 2
left_child=6 2 -2 4 -3 -5 -1 -4
right_child=1 3 7 5 -6 -7 -8 -9
leaf_value=-0.0088540843538483186 0.024780139276299018 0.028412942336156974 -0.0011391165909233555 -0.0094682787127134162 0.00010842300842529883 0.0024783202879483904 0.047408422860163731 -0.0551576031581575
leaf_weight=4.3112219050526619 4.09685190021992 26.44409142434597 3.4733772501349458 115.20552315562963 40.85657349973917 190.73097606748343 5.5769898891448957 8.8475455343723262
leaf_count=20 20 126 18 611 207 1010 25 52
internal_value=-6.64318e-05 -0.000648694 -0.0237819 0.000368877 0.01123 -0.00202037 0.0228782 -0.0399293
internal_weight=399.543 389.655 16.4178 373.237 67.3007 305.936 9.88821 12.3209
internal_count=2089 2044 90 1954 333 1621 45 70
is_linear=0
shrinkage=0.05


Tree=68
num_leaves=14
num_cat=0
split_feature=2 6 12 10 15 7 3 9 10 6 22 27 5
split_gain=2.1543 6.53356 6.68443 6.72462 5.863 7.04447 5.67433 4.79928 4.53289 9.59135 4.67541 2.97903 2.96783
threshold=0.35060708285643233 -0.046356990318546752 3.3801697124853347 0.034205103364405867 5.5000000000000009 0.034775415585534881 0.25318478827882129 -0.16247481824205232 0.02180803540721685 0.046760020212787586 1.5000000000000002 1.5000000000000002 60.500000000000007
decision_type=2 2 2 2 2 2 2 2 2 2 2 2 2
left_child=1 7 3 -3 5 -2 -7 11 9 -6 -10 -1 -4
right_child=4 2 12 -5 8 6 -8 -9 10 -11 -12 -13 -14
leaf_value=-0.047540479050821122 0.085525163383479041 -0.0031402312981079999 0.0017714539694800276 0.024904827164200311 0.0010687202470292584 0.00063581017598519549 0.056991624551569309 -0.069029279340959745 0.0025838148829808272 0.046436685731420256 -0.017939000508571692 0.0087477316530795921 -0.055753283122495272
leaf_weight=3.823754586279394 4.0506596118211773 127.65151619911194 3.1619706153869611 25.673284396529198 63.248545281589031 18.41358789801598 5.8970594331622115 6.1930996477603903 64.327594868838787 14.280155315995215 48.80735932290554 6.1013074070215225 7.7078968808054924
leaf_count=20 18 653 15 125 312 98 33 33 349 70 280 31 52
internal_value=-6.49181e-05 -0.00411242 -0.0011304 0.00155574 0.0032672 0.0244779 0.0143061 -0.03449 0.0001121 0.00942513 -0.0062699 -0.012938 -0.0390197
internal_weight=399.338 180.313 164.195 153.325 219.025 28.3613 24.3106 16.1182 190.664 77.5287 113.135 9.92506 10.8699
internal_count=2089 929 845 778 1160 149 131 84 1011 382 629 51 67
is_linear=0
shrinkage=0.05


Tree=69
num_leaves=11
num_cat=0
split_feature=5 25 24 18 8 24 23 24 8 24
split_gain=2.05882 3.6871 5.14914 6.12599 3.60598 3.98523 4.18577 3.76768 3.51212 1.16609
threshold=57.500000000000007 0.0016414077777777778 0.00057252500000000005 0.054981004927698869 -0.12027017411689971 9.7895000000000011e-05 8.6735604587058237 -9.0824999999999985e-05 0.12708048811491326 0.0014796600000000003
decision_type=2 8 10 2 2 8 2 10 2 10
left_child=4 2 8 -4 -1 7 -7 -6 -2 -3
right_child=1 9 3 -5 5 6 -8 -9 -10 -11
leaf_value=-0.041448330819554978 0.00066926997539691526 -0.016312984922935325 0.046945186828697451 0.00047442550387048879 -0.0042079292244550327 0.0085664408788934717 -0.046157108856028493 0.048012410673328426 -0.011142010643548292 -0.059603996265161711
leaf_weight=3.3679208233952513 217.69297429919243 2.8963722437620154 11.844250172376634 17.67451573163271 4.9315800145268467 33.221640147268772 3.9051094800233832 11.529191762208937 88.535288199782372 3.3601000085473061
leaf_count=19 1094 17 61 93 22 153 21 53 529 27
internal_value=-6.60051e-05 -0.00153178 -0.00082309 0.0191206 0.00873561 0.0118896 0.00281044 0.0323674 -0.00274555 -0.0395628
internal_weight=398.959 342.004 335.747 29.5188 56.9554 53.5875 37.1267 16.4608 306.228 6.25647
internal_count=2089 1821 1777 154 268 249 174 75 1623 44
is_linear=0
shrinkage=0.05


Tree=70
num_leaves=6
num_cat=0
split_feature=21 18 17 16 13
split_gain=2.02532 3.24648 5.90155 6.18648 4.60909
threshold=47.500000000000007 -0.19303225588470327 -0.14781181834097798 -0.053816447289357854 -4.8671890140172751
decision_type=2 2 2 2 2
left_child=1 4 -3 -4 -1
right_child=-2 2 3 -5 -6
leaf_value=-0.0049707712370959728 -0.026211395290201524 -0.057835374363471283 0.028734664028469865 -0.0010931499193161406 0.062644096621008866
leaf_weight=5.1030250787734985 7.2711685150861731 4.4083909988403311 18.269682466983795 358.44405521452427 4.9800931215286237
leaf_count=24 37 24 86 1897 21
internal_value=-6.47488e-05 0.000421228 -0.000319637 0.000353425 0.0284245
internal_weight=398.476 391.205 381.122 376.714 10.0831
internal_count=2089 2052 2007 1983 45
is_linear=0
shrinkage=0.05


Tree=71
num_leaves=15
num_cat=0
split_feature=2 6 12 10 15 6 6 1 9 22 7 20 27 13
split_gain=2.00069 6.08313 6.12605 6.14478 5.24688 6.0094 6.96017 6.45964 4.46718 4.11155 6.95962 4.40122 2.73886 2.22891
threshold=0.35060708285643233 -0.046356990318546752 3.3801697124853347 0.034205103364405867 5.5000000000000009 0.075402608990147404 0.12562758197963705 0.02754957964046106 -0.16247481824205232 2.5000000000000004 0.043891251326718936 0.037241379310344831 1.5000000000000002 6.306319800261833
decision_type=2 2 2 2 2 2 2 2 2 2 2 2 2 2
left_child=1 8 3 -3 5 7 -7 -2 12 11 -11 -6 -1 -4
right_child=4 2 13 -5 9 6 -8 -9 -10 10 -12 -13 -14 -15
leaf_value=-0.046597196568202312 0.0091407688428036486 -0.0030779178649872588 -0.052659016161206863 0.023694066883932774 -0.021490726377930286 -0.041157571514953355 0.035198436454129442 0.07174817437615065 -0.067796797697970632 0.023867597724311636 -0.035633320518147923 0.0056862389085378809 0.0077321820128908401 -0.002093985648608401
leaf_weight=3.7431405037641508 7.6978535801172319 127.45545046776533 7.488983325660227 25.765959374606609 16.550166934728622 6.1130222678184492 5.831660196185112 8.8642916381359083 5.9527916535735121 6.820103287696841 17.58873587846756 149.17783915996552 6.1003224104642868 3.0739132240414619
leaf_count=20 36 653 49 125 84 36 32 45 33 32 104 791 31 18
internal_value=-6.22217e-05 -0.00397274 -0.00111486 0.0014241 0.00314964 0.0231534 -0.00387887 0.0426491 -0.0336049 0.000150524 -0.0190081 0.00297225 -0.0129275 -0.0379441
internal_weight=398.224 179.581 163.784 153.221 218.644 28.5068 11.9447 16.5621 15.7963 190.137 24.4088 165.728 9.84346 10.5629
internal_count=2089 929 845 778 1160 149 68 81 84 1011 136 875 51 67
is_linear=0
shrinkage=0.05


Tree=72
num_leaves=13
num_cat=0
split_feature=4 17 22 15 18 22 25 17 11 19 18 3
split_gain=2.02864 4.08701 7.26696 6.46454 7.97869 7.77324 5.54104 4.49056 2.70339 3.71064 5.01998 4.75734
threshold=0.58578637510513043 -0.0036012014856607872 1.0000000180025095e-35 7.5000000000000009 0.047421585406843832 1.5000000000000002 0.00039694777777777782 -0.011261185934072769 1.5053909172298072 0.018024316743947232 -0.10004697126538441 0.40582396275224997
decision_type=2 2 2 2 2 2 10 2 2 2 2 2
left_child=1 2 6 4 -3 -5 -1 -4 9 10 -2 -11
right_child=8 3 7 5 -6 -7 -8 -9 -10 11 -12 -13
leaf_value=-0.062214205760001376 -0.057530581307858125 0.0039680752340117602 0.0030975019200050898 0.011364720647019558 0.057431350383699412 -0.014579830248605083 0.0036167548595371964 -0.027595129457862827 -0.042524953371194787 0.043090837225732891 -0.0049635325202457671 -0.022900637277260411
leaf_weight=8.9107044488191587 4.7995145469903937 14.720085442066194 105.15655609965324 87.853894263505936 13.269034549593924 43.000991865992546 4.9845386371016493 13.440315641462801 4.8278778344392768 8.3159892782568914 84.535916745662689 4.0665253847837439
leaf_count=49 27 74 529 445 65 237 31 70 31 42 466 23
internal_value=-6.37284e-05 0.00209534 -0.00438901 0.00750395 0.0293139 0.00283893 -0.0385991 -0.000380825 -0.00596742 -0.00423228 -0.00778768 0.0214187
internal_weight=397.882 291.336 132.492 158.844 27.9891 130.855 13.8952 118.597 106.546 101.718 89.3354 12.3825
internal_count=2089 1500 679 821 139 682 80 599 589 558 493 65
is_linear=0
shrinkage=0.05


Tree=73
num_leaves=14
num_cat=0
split_feature=26 19 19 19 19 14 18 6 4 18 17 17 20
split_gain=1.97036 5.8707 7.41063 8.86225 5.17541 4.98975 4.77116 4.36382 3.99327 5.36805 5.96562 4.87894 6.69897
threshold=2.5000000000000004 0.0086184143069565032 0.0066841139538808356 0.0069089801776900722 0.010460300312537916 3.2863489466102496 -0.028302502111177571 0.0170220780377528 0.53137254901960795 -0.13627681238429809 0.0022891876829920226 -0.1210678731609711 0.013992172211350294
decision_type=2 2 2 2 2 2 2 2 2 2 2 2 2
left_child=1 2 7 -4 6 -6 -3 -1 11 -10 -11 -2 -13
right_child=8 4 3 -5 5 -7 -8 -9 9 10 -12 12 -14
leaf_value=0.011126549943503499 -0.032852156679174169 -0.063664826143407169 0.097284256399405009 0.016175721790178229 -0.048333946936660377 -0.0015650610554182689 -0.016826947389388228 -0.021574691556934998 -0.069467829572693693 0.013546124179693539 -0.019971726878828675 0.082855650860222937 0.0090465170648933568
leaf_weight=19.084433101117611 6.7005998045206061 6.9883174449205425 3.7900319695472708 30.232739523053169 6.0411989614367476 101.8764483332634 24.495015896856785 21.918811053037643 3.2733504623174658 26.111513435840607 27.004543021321297 3.1572150141000739 116.87036688625813
leaf_count=96 34 43 18 155 37 569 148 122 17 134 144 13 559
internal_value=-6.4399e-05 -0.00331733 0.00795989 0.025211 -0.00938676 -0.00418317 -0.0272235 -0.00635432 0.00374472 -0.00732425 -0.00349457 0.00867 0.010988
internal_weight=397.545 214.427 75.026 34.0228 139.401 107.918 31.4833 41.0032 183.118 56.3894 53.1161 126.728 120.028
internal_count=2089 1188 391 173 797 606 191 218 901 295 278 606 572
is_linear=0
shrinkage=0.05


Tree=74
num_leaves=6
num_cat=0
split_feature=23 4 20 8 7
split_gain=1.92893 3.10086 3.82191 3.44837 3.257
threshold=10.099181563931804 1.0000000180025095e-35 0.8527000964320155 -0.49007224703062063 -0.16587148459991272
decision_type=2 2 2 2 2
left_child=1 2 -1 -3 -5
right_child=-2 3 -4 4 -6
leaf_value=-0.0074010977410538074 -0.032209750477260234 0.063701526673514183 0.056392965145160734 -0.028027185712580678 4.3019358928954479e-05
leaf_weight=4.1752966344356519 4.6129501089453688 2.0873251259326926 5.3640178143978119 10.630654282867907 370.2735855653882
leaf_count=20 23 9 24 54 1959
internal_value=-6.55769e-05 0.000312175 0.0284707 -0.00038918 -0.000740392
internal_weight=397.144 392.531 9.53931 382.992 380.904
internal_count=2089 2066 44 2022 2013
is_linear=0
shrinkage=0.05


Tree=75
num_leaves=14
num_cat=0
split_feature=11 9 18 12 27 6 11 9 13 17 20 24 6
split_gain=1.90634 4.6624 5.6408 4.64037 3.74721 6.45261 6.41314 5.08196 10.2097 6.9918 2.98804 2.67089 2.39925
threshold=0.88179526964497301 -0.25513694006941184 0.068790130942145936 3.1387470696698423 2.5000000000000004 -0.050071797914856601 1.1403986601634111 -0.14810143778059887 -4.4176663063134454 -0.020637655136896523 0.45393939393939398 9.9875000000000015e-05 -0.083363131118072906
decision_type=2 2 2 2 2 2 2 2 2 2 2 10 2
left_child=1 11 3 -3 5 12 -7 8 -6 -9 -4 -1 -2
right_child=4 2 10 -5 7 6 -8 9 -10 -11 -12 -13 -14
leaf_value=-0.059005325024244638 -0.015456951508950705 0.019961091153146291 -0.051242531569847385 -0.031204753672470109 -0.0081852107140300678 -0.018025827933939767 0.0069279160007739392 -0.020845049613336497 0.052250426116391635 0.0043861701663887301 -0.0032869179340644333 -0.0048696482512531362 -0.063583760397357025
leaf_weight=3.876405403017996 4.1512527540326118 62.60161430388689 4.4706071466207531 4.7688800543546668 13.986681878566744 50.294308893382549 52.755396284162998 35.043499752879143 13.966320067644117 126.82819657772779 11.879854321479796 5.5268565639853477 6.8841301798820478
leaf_count=21 22 308 22 26 67 269 284 194 66 683 63 28 36
internal_value=-6.27612e-05 0.00619612 0.00994556 0.0163393 -0.00198061 -0.00914227 -0.00525098 0.00232356 0.0220106 -0.00107612 -0.0163991 -0.0271866 -0.0454796
internal_weight=397.034 93.1242 83.721 67.3705 303.91 114.085 103.05 189.825 27.953 161.872 16.3505 9.40326 11.0354
internal_count=2089 468 419 334 1621 611 553 1010 133 877 85 49 58
is_linear=0
shrinkage=0.05


Tree=76
num_leaves=12
num_cat=0
split_feature=5 9 9 6 10 17 22 18 2 5 20
split_gain=1.90225 3.23453 6.80576 5.90977 7.89658 5.79004 4.38722 3.21638 4.96276 5.84216 1.99889
threshold=57.500000000000007 -0.076487883304233936 -0.10017141272335038 0.04750760631986093 0.022327486473344971 0.10944609295716924 1.5000000000000002 0.21403171978267824 0.077443558350189193 45.500000000000007 0.11715686274509805
decision_type=2 2 2 2 2 2 2 2 2 2 2
left_child=7 2 6 5 -5 -3 -2 8 -1 -10 -4
right_child=1 3 10 4 -6 -7 -8 -9 9 -11 -12
leaf_value=0.060627442156843438 0.010109879648083834 -0.013695565261196275 0.054833743167761642 0.03613012220031242 -0.0014989275535787243 0.038262687329818787 -0.013799083439502195 -0.024998161335334793 -0.040183460893132177 0.014273822576796123 0.014121401591247302
leaf_weight=4.8720067739486685 50.492747776210308 129.10812650620937 8.2594934254884702 16.350518271327019 94.657905071973801 5.5941478535532942 30.946662604808807 6.3863201960921279 5.6219798848032942 39.72269681841135 4.7481056302785865
leaf_count=21 243 698 37 81 554 32 154 35 29 183 22
internal_value=-6.32541e-05 -0.00147553 0.00638865 -0.00449838 0.00404348 -0.0115378 0.00102457 0.00842385 0.0126743 0.00752203 0.0399727
internal_weight=396.761 340.158 94.447 245.711 111.008 134.702 81.4394 56.603 50.2167 45.3447 13.0076
internal_count=2089 1821 456 1365 635 730 397 268 233 212 59
is_linear=0
shrinkage=0.05


Tree=77
num_leaves=15
num_cat=0
split_feature=10 23 4 17 13 1 4 7 4 9 7 16 16 17
split_gain=1.88121 6.60382 6.74603 8.23781 6.1496 4.59789 5.39808 8.1881 5.54473 4.52991 3.23721 2.85876 2.21654 2.03309
threshold=0.03435855743794148 8.4165207425532476 0.61222222222222233 -0.097831298262952324 2.6465218582320009 0.049123080744625507 0.19836065573770495 -0.058468293772214817 0.20761494252873566 0.17654560113380688 -0.12502739083796485 -0.036987412536241486 0.020598723835735914 -0.032378890425847288
decision_type=2 2 2 2 2 2 2 2 2 2 2 2 2 2
left_child=5 2 3 -2 11 6 7 -1 -8 -4 -7 -3 -6 -12
right_child=1 4 9 -5 12 10 8 -9 -10 -11 13 -13 -14 -15
leaf_value=0.036869162838479817 -0.036971124728547279 -0.01082140277118933 -0.038915841463036033 0.031772556516445734 -0.059673949712033818 0.012640713847394187 -0.059500594830762421 0.0016862110286890585 -0.0044303682066689516 0.0055766498295920022 -0.012018453698344462 0.041072963550728703 -0.016408859623299705 -0.048639141981414419
leaf_weight=20.43700122833252 4.8584633544087401 6.8255926370620728 7.5940948575735119 42.306342922151089 7.2274123579263669 4.5316278040409115 4.7032175958156577 86.660047508776188 162.27208226919174 23.19128992408514 6.0030899420380637 4.3421106189489382 5.0140893012285233 10.280864380300041
leaf_count=95 28 33 41 218 41 22 25 445 867 134 32 20 29 59
internal_value=-6.25626e-05 0.00581371 0.0128076 0.0246912 -0.0174753 -0.00208237 -0.000361755 0.00840007 -0.00598154 -0.00539869 -0.0247371 0.00935563 -0.0419527 -0.0351389
internal_weight=396.247 101.359 77.9502 47.1648 23.4092 294.888 274.072 107.097 166.975 30.7854 20.8156 11.1677 12.2415 16.284
internal_count=2089 544 421 246 123 1545 1432 540 892 175 113 53 70 91
is_linear=0
shrinkage=0.05


Tree=78
num_leaves=9
num_cat=0
split_feature=11 19 11 19 11 4 27 4
split_gain=1.90511 3.44037 3.32521 6.08735 3.52926 4.4181 3.4093 2.87161
threshold=0.59873594573766342 0.0074718390808020813 0.70197006315993871 0.0054084836019144241 0.88179526964497301 0.23956521739130437 2.5000000000000004 0.61222222222222233
decision_type=2 2 2 2 2 2 2 2
left_child=1 -1 3 -2 5 -4 -6 -5
right_child=2 -3 4 7 6 -7 -8 -9
leaf_value=0.054151306027307736 0.028255349988130857 -0.0051750373956340476 0.026600390639667001 -0.059881255397791683 -0.0088030590698539406 0.00034114931193031373 0.0021565646276683541 -0.0086085767330952995
leaf_weight=4.4581493735313398 4.2781558483839062 5.4081591367721558 26.515102446079254 7.5521219000220281 113.41656043380499 40.461275793612003 189.55907505005598 4.2775930017232895
leaf_count=19 20 26 126 45 611 207 1010 25
internal_value=-6.3768e-05 0.0216319 -0.000618232 -0.0228568 0.000350043 0.0107369 -0.00194608 -0.0413412
internal_weight=395.926 9.86631 386.06 16.1079 369.952 66.9764 302.976 11.8297
internal_count=2089 45 2044 90 1954 333 1621 70
is_linear=0
shrinkage=0.05


Tree=79
num_leaves=8
num_cat=0
split_feature=21 9 20 4 17 1 7
split_gain=1.80024 2.38777 6.34136 6.7848 5.29581 6.90781 5.5297
threshold=47.500000000000007 -0.076487883304233936 0.43257575757575767 0.18321596244131458 -0.020637655136896523 0.040468114331555081 -0.026954749392281482
decision_type=2 2 2 2 2 2 2
left_child=1 2 3 -1 5 -3 -6
right_child=-2 4 -4 -5 6 -7 -8
leaf_value=0.022150982209549003 -0.024931100372725692 -0.036476535971876022 0.062840986472341501 -0.006354256748578313 0.036639331740929017 0.0016116679872102404 -0.00045191170753788239
leaf_weight=33.322906367480755 7.1457077562808982 23.381143219769001 4.8779138326644889 55.882536716759205 10.494659855961798 24.251474350690842 236.33305023610592
leaf_count=156 37 132 21 279 46 137 1281
internal_value=-6.22621e-05 0.000395101 0.00732942 0.00429394 -0.00182049 -0.0170845 0.00112514
internal_weight=395.689 388.544 94.0834 89.2054 294.46 47.6326 246.828
internal_count=2089 2052 456 435 1596 269 1327
is_linear=0
shrinkage=0.05


Tree=80
num_leaves=12
num_cat=0
split_feature=2 12 10 1 10 15 16 12 24 5 2
split_gain=1.77883 4.8562 6.13169 7.07272 5.04556 4.57438 6.26868 4.7833 3.91494 3.8042 1.71967
threshold=0.35060708285643233 3.6238588107386858 0.032271984843436137 0.046799408212999175 0.017337022022366658 5.5000000000000009 -0.009155633896405389 4.2946852653622871 0.0018816600000000001 72.500000000000014 0.1916643516842392
decision_type=2 2 2 2 2 2 2 2 8 2 2
left_child=1 2 4 -4 -1 6 -2 -8 9 -7 -3
right_child=5 10 3 -5 -6 8 7 -9 -10 -11 -12
leaf_value=0.0028477979091214088 0.068446119287172064 -0.065885217702432483 0.061541981232954152 0.0054109752640296204 -0.016528774500249675 0.010138831164065665 0.02578325272668984 -0.022913742806048576 -0.044702787081475681 -0.0045386020824758162 -0.016688895353284796
leaf_weight=66.192223705351353 5.7131424546241787 3.9956064149737349 6.9521937295794478 29.113104447722435 68.224886313080788 73.315608337521553 15.476157777011396 7.4799533933401099 4.7437352761626235 110.96503618359566 3.1980621516704559
leaf_count=321 28 26 36 146 379 362 80 41 29 620 21
internal_value=-6.09266e-05 -0.00377323 -0.00207523 0.0162312 -0.006987 0.00296896 0.0215797 0.00991596 0.000146279 0.00130078 -0.0440142
internal_weight=395.37 177.676 170.482 36.0653 134.417 217.694 28.6693 22.9561 189.024 184.281 7.19367
internal_count=2089 929 882 182 700 1160 149 121 1011 982 47
is_linear=0
shrinkage=0.05


Tree=81
num_leaves=12
num_cat=0
split_feature=20 10 5 16 13 9 7 12 19 20 4
split_gain=1.76031 5.36128 4.60693 3.22355 5.83358 6.0303 5.09581 7.52894 5.08059 2.83601 2.20298
threshold=0.96992311171415657 0.014028521972789176 50.500000000000007 0.027603313989048143 3.2346221549854834 0.57485068452990895 0.27548032362521085 5.357484380235304 0.010681925151804684 0.59333333333333338 0.091608391608391626
decision_type=2 2 2 2 2 2 2 2 2 2 2
left_child=3 -2 -3 6 8 -6 7 -1 -5 -8 -4
right_child=1 2 10 4 5 -7 9 -9 -10 -11 -12
leaf_value=-0.0011590238532035917 0.026188084642569737 0.028242139683027009 -0.06443806733868325 0.07190125923783823 -0.0080789707421670669 0.056052449779871609 -0.065184059633956556 0.046639640264738713 0.013390170190373307 -0.0047746656061463172 -0.023816142754105148
leaf_weight=301.51368265599012 7.2545407041907337 3.7211438417434719 4.2184985429048565 6.5484233498573294 26.465320058166984 4.2548462748527518 4.7043205574154836 8.4698199182748777 8.5593841150403005 3.3097506612539291 15.98229894787073
leaf_count=1573 37 16 28 29 142 21 29 43 42 20 109
internal_value=-6.11171e-05 -0.0114635 -0.0228817 0.000915965 0.0133136 0.000803447 -0.000870704 0.000147001 0.0387516 -0.0402354 -0.0322992
internal_weight=395.002 31.1765 23.9219 363.826 45.828 30.7202 317.998 309.984 15.1078 8.01407 20.2008
internal_count=2089 190 153 1899 234 163 1665 1616 71 49 137
is_linear=0
shrinkage=0.05


Tree=82
num_leaves=6
num_cat=0
split_feature=23 4 13 8 7
split_gain=1.64578 2.78892 3.92554 2.97877 2.91744
threshold=10.099181563931804 1.0000000180025095e-35 4.1444817212558567 -0.49007224703062063 -0.16587148459991272
decision_type=2 2 2 2 2
left_child=1 2 -1 -3 -5
right_child=-2 3 -4 4 -6
leaf_value=-0.0027510245568961372 -0.030116226308908502 0.059262081435984097 0.061602849969547117 -0.026824622171199394 2.6655104988849681e-05
leaf_weight=5.1262456476688367 4.5028763487935057 2.0818157345056525 4.4067795127630234 10.40192538499832 368.10774067789316
leaf_count=24 23 9 20 54 1959
internal_value=-6.10321e-05 0.00028587 0.0269975 -0.000383201 -0.000711252
internal_weight=394.627 390.125 9.53303 380.591 378.51
internal_count=2089 2066 44 2022 2013
is_linear=0
shrinkage=0.05


Tree=83
num_leaves=12
num_cat=0
split_feature=14 14 16 7 7 8 6 3 11 11 6
split_gain=1.71731 10.3461 4.76855 4.61674 9.47052 3.55685 6.53297 5.91461 2.38811 4.02427 0.839903
threshold=6.3663584650568872 6.254158638028529 0.043223799633014266 0.28649860395956112 0.21559460461431906 0.18425457437845594 0.065241703249973262 0.34644810118778524 1.1092722539423441 1.3636968779724712 0.123473778268764
decision_type=2 2 2 2 2 2 2 2 2 2 2
left_child=1 5 3 4 -2 6 -1 -7 -4 -10 -5
right_child=2 -3 8 10 -6 7 -8 -9 9 -11 -12
leaf_value=-0.00045362757776801541 -0.014480089135110811 0.064620464186957063 0.056133915186527043 -0.029795360923791449 0.039583414059456708 -0.035231077514507853 0.024117283403763554 0.0046724684021913175 -0.032890902722042578 0.04194371759315639 -0.064854742658400771
leaf_weight=235.06866946816444 57.758671253919601 6.3928281739354125 3.8402093276381475 3.0117877423763266 9.4217345118522626 17.552697196602821 30.570739611983299 19.718363419175148 3.3416488990187645 3.885140061378479 3.9470537230372429
leaf_count=1200 321 32 21 20 51 108 161 108 20 22 25
internal_value=-5.83644e-05 0.00167308 -0.00634361 -0.0109136 -0.00689794 0.000344599 0.00237408 -0.01412 0.0242716 0.00734038 -0.049681
internal_weight=394.51 309.303 85.2062 74.1392 67.1804 302.91 265.639 37.2711 11.067 7.22679 6.95884
internal_count=2089 1609 480 417 372 1577 1361 216 63 42 45
is_linear=0
shrinkage=0.05


Tree=84
num_leaves=14
num_cat=0
split_feature=26 14 2 5 4 14 8 8 3 3 11 13 19
split_gain=1.69153 3.24547 5.4606 6.05463 5.02347 3.75989 7.71263 4.58962 3.07552 4.65835 4.57735 4.42487 3.60934
threshold=1.5000000000000002 4.9321538109383907 0.42257106231645375 50.500000000000007 0.55148172182565447 4.6510385267855332 0.093151811818976568 -0.13565168531471247 0.1439934107796135 0.084133704340886392 1.5053909172298072 3.9273626550543748 0.0085855543043252183
decision_type=2 2 2 2 2 2 2 2 2 2 2 2 2
left_child=8 5 3 -3 -4 7 -7 -2 9 -1 12 -11 -10
right_child=1 2 4 -5 -6 6 -8 -9 10 11 -12 -13 -14
leaf_value=0.019257816512797829 -0.033575950919780939 0.039863820426285085 0.012760780239402842 -0.023390046844708384 -0.016076811630152437 0.057285254993275352 -0.0051260077301909113 0.0076336970223453253 0.014685248334382027 -0.042890012216217632 -0.046714577851513922 0.0073662595486378261 -0.0041983265385237669
leaf_weight=6.2631871402263668 7.314054772257804 4.1866419538855544 55.512846045196056 39.25424812734127 20.745231814682484 10.684323757886888 9.2234039977192861 88.624716341495514 35.266407668590546 16.456634134054188 5.2062709257006636 5.9682943522930136 89.581884577870369
leaf_count=32 35 20 278 208 116 49 50 424 192 91 33 32 529
internal_value=-5.91268e-05 0.00262939 -0.0031445 -0.0172939 0.00491581 0.00859528 0.0283696 0.00449201 -0.00404839 -0.0188666 -0.000779725 -0.0295145 0.00113579
internal_weight=394.288 235.545 119.699 43.4409 76.2581 115.846 19.9077 95.9388 158.743 28.6881 130.055 22.4249 124.848
internal_count=2089 1180 622 228 394 558 99 459 909 155 754 123 721
is_linear=0
shrinkage=0.05


Tree=85
num_leaves=7
num_cat=0
split_feature=18 17 27 5 18 20
split_gain=1.71723 4.69509 4.48546 2.60955 7.38906 3.39618
threshold=-0.19303225588470327 -0.14781181834097798 2.5000000000000004 74.500000000000014 -0.053186925716415694 0.94533001245330028
decision_type=2 2 2 2 2 2
left_child=2 -2 -1 4 -3 -5
right_child=1 3 -4 5 -6 -7
leaf_value=-0.010943450865138999 -0.05440039888165258 -0.024424589369438129 0.051898240930965268 -0.0016606130473711613 0.008638796985881771 -0.023346276752802177
leaf_weight=5.9434273689985258 4.0169311612844458 19.160569831728935 5.4373346865177155 196.34728056192398 143.09875016659498 19.882759913802147
leaf_count=29 24 107 23 1077 696 133
internal_value=-5.94318e-05 -0.000628894 0.0190801 -5.82137e-05 0.00473447 -0.00365465
internal_weight=393.887 382.506 11.3808 378.489 162.259 216.23
internal_count=2089 2037 52 2013 803 1210
is_linear=0
shrinkage=0.05


Tree=86
num_leaves=12
num_cat=0
split_feature=16 16 16 7 20 7 20 25 11 17 23
split_gain=1.70044 7.73653 7.34565 7.24733 6.40063 6.33596 6.2399 3.83659 3.79038 3.65564 2.01213
threshold=-0.053816447289357854 -0.033389602164036518 -0.073751018628040108 -0.068835763625580512 0.013992172211350294 -0.10009624101655006 0.052528735632183916 9.6761111111111144e-06 0.85220549610040586 -0.14050557511216685 8.1335359874577442
decision_type=2 2 2 2 2 2 2 8 2 2 2
left_child=2 8 7 5 -3 -4 -6 -1 -2 -9 -10
right_child=1 4 3 -5 6 -7 -8 9 10 -11 -12
leaf_value=-0.05600861028540282 0.0036359917039996991 0.049334647721762312 0.015947363603093206 -0.016784273152330911 -0.028064937067119874 0.094098644816951127 0.0015727624953122119 -0.022603730634910578 -0.059885075288187123 0.033543865329646746 -0.024796102484962425
leaf_weight=3.8521426543593424 6.3016749769449261 6.6789850741624823 4.7011116147041312 4.5018516331911078 18.821812175214291 5.7847301810979834 314.63130389153957 6.7706011310219747 8.0190464556217211 5.0695907846093178 8.3291782736778242
leaf_count=22 38 30 21 22 98 25 1677 36 48 24 48
internal_value=-5.77485e-05 -0.00101363 0.0112453 0.0362795 0.000870582 0.0590611 -0.000100142 -0.0126648 -0.0293087 0.00143687 -0.0420078
internal_weight=393.462 362.782 30.68 14.9877 340.132 10.4858 333.453 15.6923 22.6499 11.8402 16.3482
internal_count=2089 1939 150 68 1805 46 1775 82 134 60 96
is_linear=0
shrinkage=0.05


Tree=87
num_leaves=14
num_cat=0
split_feature=10 23 18 4 19 18 2 7 8 23 8 12 10
split_gain=1.71604 5.28916 8.70327 5.2037 5.99019 4.05978 4.07468 5.84569 5.63771 3.90215 3.78842 2.86961 2.28928
threshold=0.034205103364405867 8.4165207425532476 -0.19303225588470327 0.55148172182565447 0.0083934966007640759 0.18123523862572458 0.32265475495825213 0.037159047871832766 0.28968248211241998 8.9335522597334585 0.18425457437845594 3.351689604622214 0.026116131077556028
decision_type=2 2 2 2 2 2 2 2 2 2 2 2 2
left_child=5 3 -3 4 -2 6 7 -1 -8 -4 -5 12 -7
right_child=1 2 9 10 -6 11 8 -9 -10 -11 -12 -13 -14
leaf_value=0.00041501549021684446 0.068183423220352007 0.040412198957186229 -0.045837550572435902 0.019656188083489297 0.01559074937039379 -0.064870210375099782 0.0064757524041706566 -0.02212995797156463 -0.053556806502937843 0.0081911139898604556 -0.014722771235420169 0.0057012567863154963 -0.013695955030095824
leaf_weight=84.225443653762341 6.3309213668107978 5.3526986241340664 13.339646309614183 12.359641849994658 37.388135083019733 5.5297118723392469 145.94838283210993 43.655470289289951 4.0185115188360205 4.4590047374367705 22.787515118718147 4.0990739092230788 3.6135522127151489
leaf_count=415 31 23 76 63 195 33 760 258 26 25 139 24 21
internal_value=-5.7653e-05 0.00552261 -0.0154902 0.011691 0.0232067 -0.00201335 -0.000724252 -0.0072813 0.00486712 -0.032302 -0.00263327 -0.0290609 -0.0446454
internal_weight=393.108 102.018 23.1513 78.8662 43.7191 291.09 277.848 127.881 149.967 17.7987 35.1472 13.2423 9.14326
internal_count=2089 552 124 428 226 1537 1459 673 786 101 202 78 54
is_linear=0
shrinkage=0.05


Tree=88
num_leaves=12
num_cat=0
split_feature=20 10 5 16 13 9 26 3 20 3 4
split_gain=1.63027 4.5173 3.93347 2.73762 5.26846 5.14401 4.92122 3.78524 7.13441 3.70065 2.14303
threshold=0.96992311171415657 0.014028521972789176 50.500000000000007 0.027603313989048143 3.2346221549854834 0.57485068452990895 3.5000000000000004 0.1460383475626425 0.89780477408354653 0.15236685928932001 0.091608391608391626
decision_type=2 2 2 2 2 2 2 2 2 2 2
left_child=3 -2 -3 7 6 -6 -5 8 -1 -9 -4
right_child=1 2 10 4 5 -7 -8 9 -10 -11 -12
leaf_value=-0.020751057139843376 0.023251639784412758 0.025048091397318357 -0.063425205137361759 0.012135729764759136 -0.0079999572737470253 0.050614870041335469 0.069800869851685626 0.041044740886542218 0.024105127716494507 0.00090386740954178583 -0.022448915876820651
leaf_weight=47.126520313322544 7.2797312587499645 3.7508764415979412 4.0126572325825718 8.7986190244555456 26.24480510503054 4.3657004088163367 6.3846328407526007 5.8754632249474517 10.918194502592085 252.29278696328402 15.579577282071112
leaf_count=232 37 16 28 43 142 21 28 28 51 1354 109
internal_value=-5.8916e-05 -0.0111365 -0.0218607 0.000878155 0.0123039 0.000359747 0.0363842 -0.000776516 -0.0123136 0.0018174 -0.0308412
internal_weight=392.63 30.6228 23.3431 362.007 45.7938 30.6105 15.1833 316.213 58.0447 258.168 19.5922
internal_count=2089 190 153 1899 234 163 71 1665 283 1382 137
is_linear=0
shrinkage=0.05


Tree=89
num_leaves=8
num_cat=0
split_feature=13 13 3 1 12 25 7
split_gain=1.59558 2.79966 4.11721 5.1677 4.1054 4.53005 4.33625
threshold=9.993963869656568 7.0059517694637607 0.18567709743571365 0.034382121175864436 3.9151861771939211 3.4783333333333345e-06 0.21020157770609357
decision_type=2 2 2 2 2 10 2
left_child=1 4 -3 -4 6 -6 -1
right_child=-2 2 3 -5 5 -7 -8
leaf_value=2.6793202124525104e-05 -0.031201190017403853 0.05675570272897399 -0.041864987077020549 0.020597015865136507 0.019185826966248445 -0.025840183813655156 0.037471660853693529
leaf_weight=321.28646366298199 4.0701262876391402 5.0960375815629986 4.3215857744216946 14.165347427129744 6.9519511908292762 28.434864617884159 7.922254465520381
leaf_count=1689 24 24 23 81 42 165 41
internal_value=-5.82225e-05 0.000268317 0.0169644 0.00599563 -0.000811625 -0.0169946 0.000927887
internal_weight=392.249 388.179 23.583 18.4869 364.596 35.3868 329.209
internal_count=2089 2065 128 104 1937 207 1730
is_linear=0
shrinkage=0.05


Tree=90
num_leaves=14
num_cat=0
split_feature=6 6 8 13 7 2 6 1 4 18 18 10 12
split_gain=1.56499 6.26596 9.7184 6.0654 14.7158 5.77128 5.53788 4.21994 3.63273 3.42347 4.4639 3.91693 3.04363
threshold=0.083621337166765078 0.060198726453205349 0.11999190754410811 7.8076805930264745 0.2527509773045587 0.45284855503122495 0.12562758197963705 0.034701002620554811 0.72915057915057924 0.18123523862572458 0.016922918326314654 0.032531960338205462 2.7530454593093188
decision_type=2 2 2 2 2 2 2 2 2 2 2 2 2
left_child=1 9 5 6 -5 -3 12 -4 -8 10 -1 -11 -2
right_child=3 2 7 4 -6 -7 8 -9 -10 11 -12 -13 -14
leaf_value=-0.0055373258355304314 -0.0060384615961803605 0.0052417608530690371 -0.028821706144194593 0.082175434952469664 -0.04180661096394122 0.079866086068131031 0.019997444454831034 0.014630629281875135 -0.028377150522863871 -0.043734987206170951 0.0073922399024490175 0.01780989433863351 -0.038092620952681691
leaf_weight=160.53787826001644 11.428905382752417 3.7388777434825888 7.3751822263002422 5.5603181421756727 4.2020466923713684 8.4384107887744886 14.274803549051287 23.05207172036171 5.3300568163394919 9.26594629883766 114.27283058315516 3.5856629461050025 21.037359304726124
leaf_count=828 61 20 43 28 26 39 77 130 32 56 601 20 128
internal_value=-5.68405e-05 0.00130996 0.0192055 -0.00735726 0.0288094 0.0569537 -0.0141378 0.00409833 0.00684564 -0.00134047 -0.000160905 -0.0265637 -0.0268088
internal_weight=392.1 330.267 42.6045 61.8335 9.76236 12.1773 52.0711 30.4273 19.6049 287.662 274.811 12.8516 32.4663
internal_count=2089 1737 232 352 54 59 298 173 109 1505 1429 76 189
is_linear=0
shrinkage=0.05


Tree=91
num_leaves=12
num_cat=0
split_feature=11 11 20 16 27 20 16 18 12 11 17
split_gain=1.79496 4.4433 4.6624 5.22333 3.12573 5.86192 5.01384 4.67179 4.55736 4.54189 2.90587
threshold=0.88179526964497301 0.86865210086590039 0.94533001245330028 0.032325548156512347 2.5000000000000004 0.073027718550106618 -0.0056425283031806819 -0.19303225588470327 -2.5104048512160699 1.1092722539423441 0.040177296322457152
decision_type=2 2 2 2 2 2 2 2 2 2 2
left_child=1 2 3 -1 5 8 -7 -6 -2 -9 -4
right_child=4 -3 10 -5 7 6 -8 9 -10 -11 -12
leaf_value=0.0034687371194544857 -0.014845256766331034 0.043811695681153527 0.0087486811690750208 0.055841065740382827 0.047840661648356486 0.014125899889805147 -0.011102208347975375 0.010190659690305661 -0.067677314517175388 -0.0058797053552771469 -0.049746233041359389
leaf_weight=70.306760869920254 10.474059045314791 7.1810970678925505 3.1955874413251859 5.1066342443227759 5.4004888087511054 27.905282229185104 66.93189525604248 74.074674993753433 6.6884048134088507 108.17225755006075 6.326422318816185
leaf_count=351 54 36 17 24 23 149 371 392 37 595 40
internal_value=-5.85637e-05 0.00604553 0.00285249 0.00701514 -0.00193506 -0.0085451 -0.00367899 0.00201022 -0.0354345 0.000652131 -0.0301153
internal_weight=391.764 92.1165 84.9354 75.4134 299.647 112 94.8372 187.647 17.1625 182.247 9.52201
internal_count=2089 468 432 375 1621 611 520 1010 91 987 57
is_linear=0
shrinkage=0.05


Tree=92
num_leaves=7
num_cat=0
split_feature=25 17 16 16 7 16
split_gain=1.55953 2.2246 2.29983 4.36348 2.14063 1.24557
threshold=0.0016414077777777778 0.14893471254455551 0.072800069471300702 0.054326867498474492 0.17291741325792456 -1.0000000180025095e-35
decision_type=8 2 2 2 2 2
left_child=1 2 3 -1 5 -2
right_child=4 -3 -4 -5 -6 -7
leaf_value=0.0011850633901263226 -0.014684040431578874 -0.031378977196210384 0.029839445661055886 -0.034564540647462665 0.015701549123270146 -0.061066489403385819
leaf_weight=362.06686865538359 2.8346164748072624 5.4251535236835471 6.7279755324125281 8.7416122555732709 2.6762323006987572 2.9577828794717771
leaf_count=1906 19 33 39 53 17 22
internal_value=-5.81927e-05 0.000411127 0.000867946 0.000342286 -0.0212814 -0.0383684
internal_weight=391.43 382.962 377.536 370.808 8.46863 5.7924
internal_count=2089 2031 1998 1959 58 41
is_linear=0
shrinkage=0.05


Tree=93
num_leaves=13
num_cat=0
split_feature=11 1 3 19 11 11 18 1 6 9 1 11
split_gain=1.60564 4.25001 5.57709 5.19799 4.43258 2.92572 7.40485 8.5587 4.66561 4.18335 6.61773 5.74494
threshold=0.88179526964497301 0.019052002064492302 0.15236685928932001 0.0050137233932539818 0.72430526367472969 0.98120755731274478 0.015368067989127711 0.037140452607558369 0.044381740543650412 -0.068937711401742471 0.066450676978527981 1.0032440517831629
decision_type=2 2 2 2 2 2 2 2 2 2 2 2
left_child=1 4 -3 -4 -1 6 8 -8 -2 11 -11 -7
right_child=5 2 3 -5 -6 9 7 -9 -10 10 -12 -13
leaf_value=-0.061940918118163713 -0.041591124550338185 0.048836235018992126 0.052535194453716232 0.0015512555624776104 0.0016628212253031406 0.064515222387971444 0.030848163190173535 -0.030395299196398703 0.0098313656798764831 -0.0046552893337834461 0.047289158245952062 0.0076214732517977573
leaf_weight=4.4243407100439054 21.171170108020309 8.2122577726840955 5.4025761634111396 66.972557425498962 7.1921205967664719 4.8896967545151702 14.855761274695398 9.2608109936118108 5.5719906464219084 189.09034915268421 6.3370444551110259 47.933455914258957
leaf_count=21 113 37 24 352 34 23 78 55 31 1054 31 236
internal_value=-5.64607e-05 0.00571217 0.00978779 0.00535705 -0.0225618 -0.0018347 -0.0127599 0.00733055 -0.0308771 0.000403571 -0.00297091 0.012888
internal_weight=391.314 92.2039 80.5874 72.3751 11.6165 299.11 50.8597 24.1166 26.7432 248.251 195.427 52.8232
internal_count=2089 468 413 376 55 1621 277 133 144 1344 1085 259
is_linear=0
shrinkage=0.05


Tree=94
num_leaves=9
num_cat=0
split_feature=11 11 19 19 11 23 16 16
split_gain=1.49672 2.96637 5.48376 2.95928 2.92322 4.63349 2.78464 1.77111
threshold=0.59873594573766342 0.70197006315993871 0.0054084836019144241 0.0074718390808020813 0.8783214966484254 7.938756203120418 -0.053816447289357854 0.0018408571957460043
decision_type=2 2 2 2 2 2 2 2
left_child=3 2 -2 -1 5 -3 -6 -4
right_child=1 4 7 -5 6 -7 -8 -9
leaf_value=0.049264208486751795 0.026257522802969897 -0.009381232255374258 -0.025012447906700833 -0.005812584514291003 0.014333271815794425 0.019221237428522608 -0.0031571109988345562 -0.065869452506099935
leaf_weight=4.4676740169525129 4.3163221329450598 20.901245549321175 7.2972753122448903 5.3706847578287125 24.803682796657085 43.896140709519386 275.76035290211439 4.1672195717692375
leaf_count=19 20 109 45 26 121 215 1509 25
internal_value=-5.68566e-05 -0.000553884 -0.0217783 0.0191982 0.000362848 0.00999514 -0.00171374 -0.0398635
internal_weight=390.981 381.142 15.7808 9.83836 365.361 64.7974 300.564 11.4645
internal_count=2089 2044 90 45 1954 324 1630 70
is_linear=0
shrinkage=0.05


Tree=95
num_leaves=7
num_cat=0
split_feature=21 6 22 6 16 22
split_gain=1.50472 2.5717 6.70436 4.40697 2.72988 1.21348
threshold=47.500000000000007 -0.094155957653070374 1.5000000000000002 -0.071064805162746922 -0.053816447289357854 1.5000000000000002
decision_type=2 2 2 2 2 2
left_child=1 2 -1 5 -5 -3
right_child=-2 3 -4 4 -6 -7
leaf_value=0.066632033339090582 -0.023181830923996324 -0.018722909602096056 -0.016895415557587504 0.01950808524920665 -0.00050813070390786036 -0.05956969819925742
leaf_weight=4.9256090521812421 6.9092402160167685 3.6935215741395941 4.6896456182003021 17.908264368772507 348.96929459273815 3.5812663063406944
leaf_count=21 37 20 26 86 1879 20
internal_value=-5.54256e-05 0.000360935 0.0258932 -0.000295213 0.000468914 -0.0388312
internal_weight=390.677 383.768 9.61525 374.152 366.878 7.27479
internal_count=2089 2052 47 2005 1965 40
is_linear=0
shrinkage=0.05


Tree=96
num_leaves=11
num_cat=0
split_feature=17 10 22 25 13 1 7 3 17 17
split_gain=1.48717 5.69265 5.1159 6.03604 4.72588 5.42158 6.2222 4.57945 2.87609 1.05192
threshold=-0.0036012014856607872 0.010381999007519687 1.0000000180025095e-35 0.00030980222222222231 -4.5076940266276635 0.069145309848957309 -0.071630942986456878 0.53646339526626596 -0.013217226141589931 -0.026101448743221841
decision_type=2 2 2 10 2 2 2 2 2 2
left_child=1 8 3 -3 -2 6 -6 -4 9 -1
right_child=4 2 7 -5 5 -7 -8 -9 -10 -11
leaf_value=-0.033138954992878833 0.062711119334271051 -0.048631085850150135 0.0057530291979521891 0.0066795919973113328 -0.070936172805841011 0.061140820084652658 0.0017658463912124337 -0.021796205441428844 -0.0036376779947235472 -0.069317542199518384
leaf_weight=3.574494279921054 3.2327000200748435 11.344455480575563 123.85007262229919 8.7271610796451551 2.9855012595653525 3.7810320928692809 206.76028663292527 17.176710017025471 4.4859601259231559 4.5880686938762656
leaf_count=19 14 67 653 54 15 18 1113 91 21 24
internal_value=-5.33972e-05 -0.00349981 -0.000963842 -0.0245819 0.00270912 0.00180072 0.000731013 0.0023976 -0.0357992 -0.0534745
internal_weight=390.506 173.747 161.098 20.0716 216.76 213.527 209.746 141.027 12.6485 8.16256
internal_count=2089 929 865 121 1160 1146 1128 744 64 43
is_linear=0
shrinkage=0.05


Tree=97
num_leaves=6
num_cat=0
split_feature=23 23 23 23 2
split_gain=1.47944 2.36484 3.80639 3.09898 2.68676
threshold=10.099181563931804 9.8784431931031751 9.734587319540891 9.0886698138238362 0.53398410657418671
decision_type=2 2 2 2 2
left_child=1 2 3 -1 -3
right_child=-2 4 -4 -5 -6
leaf_value=-0.00085132456156453888 -0.028831246901771551 -0.0049725892638020639 -0.049361982888915655 0.020150987383933016 0.05029410175539703
leaf_weight=354.59221655875444 4.4154901802539817 3.9571577459573728 3.9163744002580634 18.479363270103931 4.9498033225536346
leaf_count=1910 23 20 21 93 22
internal_value=-5.3422e-05 0.00027586 -0.000325781 0.000188983 0.0257404
internal_weight=390.31 385.895 376.988 373.072 8.90696
internal_count=2089 2066 2024 2003 42
is_linear=0
shrinkage=0.05


Tree=98
num_leaves=15
num_cat=0
split_feature=14 15 2 13 3 25 25 18 18 25 2 18 2 25
split_gain=1.49514 5.66435 11.1869 6.74968 5.42274 5.3079 3.72964 11.0791 7.56958 4.7058 5.75785 2.29881 2.07019 0.226459
threshold=5.7921368545377208 5.5000000000000009 1.1555828556013197 6.8495031889844498 0.26707461548704986 8.5786666666666677e-05 7.2083333333333355e-05 0.11472606241951323 0.018617060221336249 7.7870555555555577e-05 0.80669919590845074 0.012273775248919707 0.50131520895101012 9.6761111111111144e-06
decision_type=2 2 2 2 2 8 10 2 2 10 2 2 2 10
left_child=6 2 12 5 -5 -3 7 8 -1 -8 -11 -4 -2 -9
right_child=1 3 11 4 -6 -7 9 13 -10 10 -12 -13 -14 -15
leaf_value=-0.009356963529353125 0.039274432072250218 -0.0014909052835512032 -0.046898390964558695 0.047816825646039292 -0.0014191331378315887 -0.02782442887430768 0.048438268767432686 -0.052602096933017456 0.025418568962734346 0.00066650054527391195 0.025637660727698949 0.0083667172372618257 0.090703313725144064 -0.069755130397913465
leaf_weight=63.711897023022175 3.8313574939966184 33.923079617321491 3.8399117812514305 7.7724184244871166 19.937842525541782 43.898529909551144 6.3788546770811072 3.2882345579564562 20.74279922246933 143.01439685374498 27.528048157691956 3.6897300332784653 3.9992464706301689 4.6385314464569092
leaf_count=330 20 183 22 39 114 261 31 20 109 751 142 20 21 26
internal_value=-5.13527e-05 -0.00467082 0.0236978 -0.0087999 0.012391 -0.0163454 0.00202236 -0.00612057 -0.000815794 0.00627428 0.00469721 -0.019817 0.0655402 -0.0626396
internal_weight=390.195 120.892 15.3602 105.532 27.7103 77.8216 269.303 92.3815 84.4547 176.921 170.542 7.52964 7.8306 7.92677
internal_count=2089 680 83 597 153 444 1409 485 439 924 893 42 41 46
is_linear=0
shrinkage=0.05


Tree=99
num_leaves=14
num_cat=0
split_feature=10 23 18 11 19 16 23 10 17 5 9 12 19
split_gain=1.45356 4.7905 7.42435 4.37806 5.76557 3.99987 3.61316 3.35938 4.64757 6.29007 5.01639 3.98524 4.32223
threshold=0.034205103364405867 8.4165207425532476 -0.19303225588470327 1.5132133290940095 0.0085855543043252183 -0.00092030075977689297 8.9335522597334585 0.02180803540721685 -0.066368331088704643 66.500000000000014 -0.194194726408327 -3.483404808690004 0.0079893321222209851
decision_type=2 2 2 2 2 2 2 2 2 2 2 2 2
left_child=7 3 -3 4 -2 -5 -4 11 10 -10 -9 -1 -13
right_child=1 2 6 5 -6 -7 -8 8 9 -11 -12 12 -14
leaf_value=-0.038085100925441914 0.045834084700001262 0.036514225504289094 -0.044373483529189371 0.01393090923134312 0.0081517100358190191 -0.062904145444818024 0.0077951379863646841 0.054144598648555753 0.0099048701834041023 -0.019817554891748634 -0.0088999248459246689 -0.0047345021114526308 0.011084856231897366
leaf_weight=5.8955922201275817 12.23263133317232 5.3254568874835995 12.912174716591837 3.1510189697146416 59.649549476802349 3.6626738384366027 4.4673047214746466 5.7577419281005859 23.57070080935955 72.709652431309223 6.9807510152459127 80.829771272838116 92.696853563189507
leaf_count=31 62 23 76 20 322 24 25 28 122 457 33 390 476
internal_value=-5.33434e-05 0.00509598 -0.0151368 0.0109334 0.0145644 -0.0273715 -0.0309638 -0.00186358 -0.00878601 -0.0125411 0.0195959 0.00234257 0.0037161
internal_weight=389.842 101.401 22.7049 78.6959 71.8822 6.81369 17.3795 288.441 109.019 96.2804 12.7385 179.422 173.527
internal_count=2089 552 124 428 384 44 101 1537 640 579 61 897 866
is_linear=0
shrinkage=0.05


end of trees

feature_importances:
Column_5=73
Column_17=69
Column_16=63
Column_19=58
Column_20=56
Column_11=55
Column_18=48
Column_10=46
Column_8=42
Column_13=41
Column_4=40
Column_6=40
Column_14=34
Column_25=34
Column_1=33
Column_7=33
Column_12=32
Column_24=32
Column_3=31
Column_23=31
Column_9=30
Column_2=29
Column_26=29
Column_22=21
Column_27=21
Column_21=14
Column_15=9

parameters:
[boosting: gbdt]
[objective: binary]
[metric: binary_logloss]
[tree_learner: serial]
[device_type: cpu]
[data_sample_strategy: bagging]
[data: ]
[valid: ]
[num_iterations: 100]
[learning_rate: 0.05]
[num_leaves: 31]
[num_threads: 4]
[seed: 0]
[deterministic: 0]
[force_col_wise: 0]
[force_row_wise: 0]
[histogram_pool_size: -1]
[max_depth: 4]
[min_data_in_leaf: 20]
[min_sum_hessian_in_leaf: 0.001]
[bagging_fraction: 0.8]
[pos_bagging_fraction: 1]
[neg_bagging_fraction: 1]
[bagging_freq: 0]
[bagging_seed: 3]
[bagging_by_query: 0]
[feature_fraction: 0.8]
[feature_fraction_bynode: 1]
[feature_fraction_seed: 2]
[extra_trees: 0]
[extra_seed: 6]
[early_stopping_round: 0]
[early_stopping_min_delta: 0]
[first_metric_only: 0]
[max_delta_step: 0]
[lambda_l1: 0]
[lambda_l2: 0]
[linear_lambda: 0]
[min_gain_to_split: 0]
[drop_rate: 0.1]
[max_drop: 50]
[skip_drop: 0.5]
[xgboost_dart_mode: 0]
[uniform_drop: 0]
[drop_seed: 4]
[top_rate: 0.2]
[other_rate: 0.1]
[min_data_per_group: 100]
[max_cat_threshold: 32]
[cat_l2: 10]
[cat_smooth: 10]
[max_cat_to_onehot: 4]
[top_k: 20]
[monotone_constraints: ]
[monotone_constraints_method: basic]
[monotone_penalty: 0]
[feature_contri: ]
[forcedsplits_filename: ]
[refit_decay_rate: 0.9]
[cegb_tradeoff: 1]
[cegb_penalty_split: 0]
[cegb_penalty_feature_lazy: ]
[cegb_penalty_feature_coupled: ]
[path_smooth: 0]
[interaction_constraints: ]
[verbosity: -1]
[saved_feature_importance_type: 0]
[use_quantized_grad: 0]
[num_grad_quant_bins: 4]
[quant_train_renew_leaf: 0]
[stochastic_rounding: 1]
[linear_tree: 0]
[max_bin: 255]
[max_bin_by_feature: ]
[min_data_in_bin: 3]
[bin_construct_sample_cnt: 200000]
[data_random_seed: 1]
[is_enable_sparse: 1]
[enable_bundle: 1]
[use_missing: 1]
[zero_as_missing: 0]
[feature_pre_filter: 1]
[pre_partition: 0]
[two_round: 0]
[header: 0]
[label_column: ]
[weight_column: ]
[group_column: ]
[ignore_column: ]
[categorical_feature: ]
[forcedbins_filename: ]
[precise_float_parser: 0]
[parser_config_file: ]
[objective_seed: 5]
[num_class: 1]
[is_unbalance: 0]
[scale_pos_weight: 1]
[sigmoid: 1]
[boost_from_average: 1]
[reg_sqrt: 0]
[alpha: 0.9]
[fair_c: 1]
[poisson_max_delta_step: 0.7]
[tweedie_variance_power: 1.5]
[lambdarank_truncation_level: 30]
[lambdarank_norm: 1]
[label_gain: ]
[lambdarank_position_bias_regularization: 0]
[eval_at: ]
[multi_error_top_k: 1]
[auc_mu_weights: ]
[num_machines: 1]
[local_listen_port: 12400]
[time_out: 120]
[machine_list_filename: ]
[machines: ]
[gpu_platform_id: -1]
[gpu_device_id: -1]
[gpu_device_id_list: ]
[gpu_use_dp: 0]
[num_gpu: 1]

end of parameters

pandas_categorical:null
